id,label,type
1,"O'Donnell, Christine",author_NA
2," Cunningham, Beth",author_NA
3,"Purcell, Bernice M.",author_NA
4,"Neilsen, Tracianne B.",author_NA
5,"Hoffman, Sarah F.",author_NA
6," Friedman, Hershey H.",author_NA
7,"Williams, Joan C.",author_NA
8," Phillips, Katherine W.",author_NA
9," Hall, Erika V.",author_NA
10,"Feeney, Mary K.",author_NA
11," Bernal, Margarita",author_NA
12,"Chumbley, Steven B.",author_NA
13," Haynes, J. Chris",author_NA
14," Stofer, Kathryn A.",author_NA
15,"Enns, Kellie J.",author_NA
16," Martin, Michael J.",author_NA
17,"Kleihauer, Sarah",author_NA
18," Stephens, Carrie",author_NA
19," Hart, William",author_NA
20," Stripling, Christopher",author_NA
21,"Foor, Ryan M.",author_NA
22," Cano, Jamie",author_NA
23,"Leslie, Sarah-Jane",author_NA
24," Cimpian, Andrei",author_NA
25," Meyer, Meredith",author_NA
26," Freeland, Edward",author_NA
27,"Mervis, Jeffrey",author_NA
28,"Rosser, Sue V.",author_NA
29," Taylor, Mark Z.",author_NA
30,"Colatrella, Carol",author_NA
31,"Harsh, Joseph A.",author_NA
32," Maltese, Adam V.",author_NA
33," Tai, Robert H.",author_NA
34,"Wilson, Zakiya S.",author_NA
35," McGuire, Saundra Y.",author_NA
36," A, Patrick Limbach",author_NA
37," Marzilli, Luigi G.",author_NA
38," Warner, Isiah M.",author_NA
39,"Dabney, Katherine P.",author_NA
40,"Shedlosky-Shoemaker, Randi",author_NA
41," Fautch, Jessica M.",author_NA
42,"Aguar, Karen",author_NA
43," Arabnia, Hamid R.",author_NA
44," Gutierrez, Juan B.",author_NA
45," Potter, Walter D.",author_NA
46," Taha, Thiab R.",author_NA
47,"Bagde, Surendrakumar",author_NA
48," Epple, Dennis",author_NA
49," Taylor, Lowell",author_NA
50,"Adams, Renee B.",author_NA
51," Kirchmaier, Tom",author_NA
52,"Avallone, Linnea M.",author_NA
53," Hallar, A. Gannet",author_NA
54," Thiry, Heather",author_NA
55," Edwards, Laura M.",author_NA
56,"Eddy, Sarah L.",author_NA
57," Brownell, Sara E.",author_NA
58,"Koul, Ravinder",author_NA
59," Lerdpornkulrat, Thanita",author_NA
60," Poondej, Chanut",author_NA
61,"Nissen, Jayson M.",author_NA
62," Shemwell, Jonathan T.",author_NA
63,"Kelly, Angela M.",author_NA
64,"Sax, Linda J.",author_NA
65," Lehman, Kathleen J.",author_NA
66," Barthelemy, Ramón S.",author_NA
67," Lim, Gloria",author_NA
68,"Berk, Louis J.",author_NA
69," Muret-Wagstaff, Sharon L.",author_NA
70," Goyal, Riya",author_NA
71," Joyal, Julie A.",author_NA
72," Gordon, James A.",author_NA
73," Faux, Russell",author_NA
74," Oriol, Nancy E.",author_NA
75,"O'Brien, Laurie T.",author_NA
76," Blodorn, Alison",author_NA
77," Adams, Glenn",author_NA
78," Garcia, Donna M.",author_NA
79," Hammer, Elliott",author_NA
80,"Smith, Jessi L.",author_NA
81," Cech, Erin",author_NA
82," Metz, Anneke",author_NA
83," Huntoon, Meghan",author_NA
84," Moyer, Christina",author_NA
85,"Perez-Felkner, Lara",author_NA
86," McDonald, Sarah-Kathryn",author_NA
87," Schneider, Barbara",author_NA
88," Grogan, Erin",author_NA
89,"Aguinis, H.",author_NA
90," Ji, Y.H.",author_NA
91," Joo, H.",author_NA
92,"Rice, Kenneth G.",author_NA
93," Ray, Merideth E.",author_NA
94," Davis, Don E.",author_NA
95," DeBlaere, Cirleen",author_NA
96," Ashby, Jeffrey S.",author_NA
97,"Lent, Robert W.",author_NA
98," Sheu, Hung-Bin",author_NA
99," Miller, Matthew J.",author_NA
100," Cusick, Megan E.",author_NA
101," Penn, Lee T.",author_NA
102," Truong, Nancy N.",author_NA
103,"Hardin, Erin E.",author_NA
104," Longhurst, Melanie O.",author_NA
105,"Skewes, Monica C.",author_NA
106," Shanahan, Elizabeth A.",author_NA
107," Smith, Jessi L.",author_NA
108," Honea, Joy C.",author_NA
109," Belou, Rebecca",author_NA
110," Rushing, Sara",author_NA
111," Intemann, Kristen",author_NA
112," Handley, Ian M.",author_NA
113,"Alexander, Quentin R.",author_NA
114," Hermann, Mary A.",author_NA
115,"Kachchaf, Rachel",author_NA
116," Ko, Lily",author_NA
117," Hodari, Apriel",author_NA
118," Ong, Maria",author_NA
119,"Blackwell, Lauren V.",author_NA
120," Snyder, Lori Anderson",author_NA
121," Mavriplis, Catherine",author_NA
122,"Charleston, LaVar J.",author_NA
123," George, Phillis L.",author_NA
124," Jackson, Jerlando F. L.",author_NA
125," Berhanu, Jonathan",author_NA
126," Amechi, Mauriell H.",author_NA
127,"Glass, Christy",author_NA
128," Minnotte, Krista L.",author_NA
129,"Carrigan, Coleen",author_NA
130," Quinn, Kate",author_NA
131," Riskin, Eve A.",author_NA
132,"Armstrong, Mary A.",author_NA
133," Jovanovic, Jasna",author_NA
134,"Master, Allison",author_NA
135," Cheryan, Sapna",author_NA
136," Meltzoff, Andrew N.",author_NA
137,"Hubner, Nicholas",author_NA
138," Wille, Eike",author_NA
139," Cambria, Jenna",author_NA
140," Oschatz, Kerstin",author_NA
141," Nagengast, Benjamin",author_NA
142," Trautwein, Ulrich",author_NA
143,"Hernandez, Paul R.",author_NA
144," Woodcock, Anna",author_NA
145," Schultz, P. Wesley",author_NA
146," Estrada, Mica",author_NA
147," Chance, Randie C.",author_NA
148,"Ackerman, Phillip L.",author_NA
149," Kanfer, Ruth",author_NA
150," Beier, Margaret E.",author_NA
151,"Walton, Gregory M.",author_NA
152," Peach, Jennifer M.",author_NA
153," Logel, Christine",author_NA
154," Spencer, Steven J.",author_NA
155," Zanna, Mark P.",author_NA
156,"Moss-Racusin, Corrinne A.",author_NA
157," Pietri, Evava S.",author_NA
158," Hennes, Erin P.",author_NA
159," Dovidio, John F.",author_NA
160," Brescoll, Victoria L.",author_NA
161," Roussos, Gina",author_NA
162," Handelsman, Jo",author_NA
163,"Diekman, Amanda B.",author_NA
164," Clark, Emily K.",author_NA
165," Johnston, Amanda M.",author_NA
166," Brown, Elizabeth R.",author_NA
167," Steinberg, Mia",author_NA
168,"Stout, Jane G.",author_NA
169," Dasgupta, Nilanjana",author_NA
170," Hunsinger, Matthew",author_NA
171," McManus, Melissa A.",author_NA
172,"Grover, Sarah S.",author_NA
173," Ito, Tiffany A.",author_NA
174," Park, Bernadette",author_NA
175,"Cheryan, Sapna",author_NA
176," Ziegler, Sianna A.",author_NA
177," Montoya, Amanda K.",author_NA
178," Jiang, Lily",author_NA
179,"Drew, Jennifer C.",author_NA
180," Galindo-Gonzalez, Sebastian",author_NA
181," Ardissone, Alexandria N.",author_NA
182," Triplett, Eric W.",author_NA
183,"Clark, Sheri L.",author_NA
184," Dyar, Christina",author_NA
185," Maung, Nina",author_NA
186," London, Bonita",author_NA
187,"Aikens, Melissa L.",author_NA
188," Robertson, Melissa M.",author_NA
189," Sadselia, Sona",author_NA
190," Watkins, Keiana",author_NA
191," Evans, Mara",author_NA
192," Runyon, Christopher R.",author_NA
193," Eby, Lillian T.",author_NA
194," Dolan, Erin L.",author_NA
195,"Connolly, Mark R.",author_NA
196," Lee, You-Geon.",author_NA
197," Savoy, Julia N.",author_NA
198,"Killpack, Tess L.",author_NA
199," Melon, Laverne C.",author_NA
200,"Katz, Laura A.",author_NA
201," Aloisio, Kathryn M.",author_NA
202," Horton, Nicholas J.",author_NA
203," Ly, Minh",author_NA
204," Pruss, Sara",author_NA
205," Queeney, Kate",author_NA
206," Rowen, Cate",author_NA
207," DiBartolo, Patricia Marten",author_NA
208,"Arnold, Michael A.",author_NA
209," Lineberger, R. Daniel",author_NA
210," Davis, Tim D.",author_NA
211," Reed, David W.",author_NA
212," McKinley, William J.",author_NA
213,"Aragon, Amanda D.",author_NA
214," Rura, Melissa J.",author_NA
215," Morton, Rebecca",author_NA
216,"Cho, Alyssa",author_NA
217," Chakraborty, Debolina",author_NA
218," Rowland, Diane",author_NA
219,"O'Bannon, Deborah J.",author_NA
220," Garavalia, Linda",author_NA
221," Renz, David O.",author_NA
222," McCarther, S. M.",author_NA
223,"Maldonado, C.",author_NA
224," Ramirez, T.",author_NA
225," Vazquez, I.",author_NA
226," Medina-Borja, A.",author_NA
227,"Demetry, Chrysanthe",author_NA
228," Sontgerath, Suzanne",author_NA
229,"Winterer, Erica",author_NA
230," Froyd, Jeffrey E.",author_NA
231," Borrego, Maura",author_NA
232," Martin, Julie P.",author_NA
233," Choe, Nathan H.",author_NA
234," Halter, Jared M.",author_NA
235," Foster, Margaret, J.",author_NA
236,"Keogh, Megan",author_NA
237," Zarske, Malinda S.",author_NA
238," Tsai, Janet Y.",author_NA
239,"Morton, Christina S.",author_NA
240," Beverly, Selyna",author_NA
241,"Dell, Elizabeth",author_NA
242," Marchetti, Carol E.",author_NA
243," Mason, Sharon P.",author_NA
244," Bailey, Margaret B.",author_NA
245," Valentine, Maureen S.",author_NA
246," Crawford, DeLois K.",author_NA
247,"Jensen, Paula H.",author_NA
248," West, Michael",author_NA
249," Kellar, Jon J.",author_NA
250," Kellogg, Stuart D.",author_NA
251," Karlin, Jennifer",author_NA
252," Degen, Cassandra M.",author_NA
253,"Khan, Arshia",author_NA
254,"Lofton, Jessica J.",author_NA
255,"Jordan-Bloch, Sara",author_NA
256," Cohen, Shoshanah",author_NA
257,"Gurski, Jennifer S.",author_NA
258," Hammrich, Penny L.",author_NA
259,"Wu, Zhen",author_NA
260," Hovey, Christopher L.",author_NA
261," Thompson, Leisa",author_NA
262,"Doty, Heather W.",author_NA
263," Andreasen, Rrobin",author_NA
264," Chen, Dandan",author_NA
265,"Stolk, J.D.",author_NA
266," Zastavker, Y.V.",author_NA
267," Gross, M.D.",author_NA
268,"Xu, Kath",author_NA
269," Wendell, Dawn",author_NA
270," Walsh, Andrea S.",author_NA
271,"Ahmad, Ali",author_NA
272," Pedescleaux, Jerie",author_NA
273,"Mustafa, Hadil",author_NA
274," Freese, Shelby A.",author_NA
275,"Zurn-Birkhimer, Suzanne",author_NA
276," Anazco, Mayari I. S.",author_NA
277," Baker, Rachel A.",author_NA
278,"Yates, Nicole",author_NA
279," Rincon, Roberta",author_NA
280,"Cloutier, Aimee",author_NA
281," Yew, Guo Zheng",author_NA
282," Gupta, Siddhartha",author_NA
283," Dissanayake, Kalpani",author_NA
284," Monaco, Paul",author_NA
285," Mengel, Susan",author_NA
286," Morse, Audra",author_NA
287,"Sherwood, K.E.",author_NA
288," Kelly, A.M.",author_NA
289," Bugallo, M.",author_NA
290,"Gelles, Laura A.",author_NA
291," Villanueva, Idalis",author_NA
292," Di Stefano, Marialusia",author_NA
293,"Webster-Giddings, Allison",author_NA
294," Dickson, Nancy",author_NA
295," Martiros, Melissa S.",author_NA
296," Mullen, Sarah",author_NA
297,"Ma, Gloria",author_NA
298," Ma, Lili",author_NA
299,"Little, Germysha E.",author_NA
300," Crumpton-Young, Lesia L.",author_NA
301," Brady, Shabnam E.",author_NA
302," Carter, T'Shana D.",author_NA
303," Davis, Lydia",author_NA
304,"Cross, Kelly J.",author_NA
305," Clancy, Kathryn B. H.",author_NA
306," Mendenhall, Ruby",author_NA
307," Imoukhuede, Princess",author_NA
308," Amos, Jennifer R.",author_NA
309,"Gatz, Jennifer A.",author_NA
310," Kelly, Angela M.",author_NA
311," Bugallo, Monica",author_NA
312,"Schilling, M.",author_NA
313," Pinnell, M.",author_NA
314,"Mallette, Jennifer C.",author_NA
315," Ackler, Harold",author_NA
316,"Brandt, Ronald E.",author_NA
317," Aveni, Doreen",author_NA
318,"Coffman-Wolph, Stephany",author_NA
319," Gray, Kimberlyn",author_NA
320,"Mason, Sharon P.",author_NA
321," Dell, Elizabeth",author_NA
322," Marchetti, Carol",author_NA
323," Rommel, Andrea G.",author_NA
324," Clayton, Laurie A.",author_NA
325,"Mendenhall, Ruby",author_NA
326," Cross, Kelly J.",author_NA
327," Cromley, Jennifer G.",author_NA
328,"Rincon, Roberta",author_NA
329,"Daly, Russell E.",author_NA
330," Erickson, Alan K.",author_NA
331,"Bristol, David G.",author_NA
332,"Xie, Yu",author_NA
333," Fang, Michael",author_NA
334," Shauman, Kimberlee",author_NA
335,"Jezierska, Joanna",author_NA
336,"Kulkarni, Anagha",author_NA
337," Yoon, Ilmi",author_NA
338," Pennings, Pleuni S.",author_NA
339," Okada, Kazunori",author_NA
340," Domingo, Carmen",author_NA
341,"Golubchik, Leana",author_NA
342," Redel, Mallory",author_NA
343,"Outlay, Christina N.",author_NA
344," Platt, Alana J.",author_NA
345," Conroy, Kacie",author_NA
346,"Huryn, Donna M.",author_NA
347," Bolognesi, Maria L.",author_NA
348," Young, Wendy B.",author_NA
349,"Davis, Rebecca",author_NA
350,"Howe, Samantha A.",author_NA
351," Juhas, Mary C.",author_NA
352," Herbers, Joan M.",author_NA
353,"Rankins, Claudia",author_NA
354," Rankins, Falcon",author_NA
355," Inniss, Tasha",author_NA
356,"Jackson, Kimberly M.",author_NA
357," Winfield, Leyte L.",author_NA
358,"King, Joseph T.",author_NA
359," Angoff, Nancy R.",author_NA
360," Forrest, John N.",author_NA
361," Justice, Amy C.",author_NA
362,"White, Kate",author_NA
363,"Jackson, Karen M.",author_NA
364," Suizzo, Marie-Anne.",author_NA
365," Harvey, Kristin E.",author_NA
366,"Litzler, Elizabeth",author_NA
367," Lorah, Julie A.",author_NA
368,"Wilson, Denise M.",author_NA
369," Bates, Rebecca",author_NA
370," Scott, Elaine P.",author_NA
371," Painter, Sarah M.",author_NA
372," Shaffer, Jamie",author_NA
373,"Buontempo, J.",author_NA
374," Riegle-Crumb, C.",author_NA
375," Patrick, A.",author_NA
376," Peng, M.",author_NA
377,"Burnett, Ann",author_NA
378," Bilen-Green, Canan",author_NA
379," McGeorge, Christi R.",author_NA
380," Anicha, Cali L.",author_NA
381,"Miner, Kathi N.",author_NA
382," Diaz, Ismael",author_NA
383," Rinn, Anne N.",author_NA
384,"Valla, Jeffrey M.",author_NA
385," Williams, Wendy M.",author_NA
386,"Stewart, Abigail J.",author_NA
387," Herzog, Keith A.",author_NA
388," Malley, Janet E.",author_NA
389,"Bejerano, Arleen R.",author_NA
390," Bartosh, Travis M.",author_NA
391,"Long, Ziyu",author_NA
392," Buzzanell, Patrice M.",author_NA
393," Kokini, Klod",author_NA
394," Wilson, Robyn F.",author_NA
395," Batra, Jennifer C.",author_NA
396," Anderson, Lindsey B.",author_NA
397,"McPherson, Ezella",author_NA
398,"Ross, Monique S.",author_NA
399," Capobianco, Brenda M.",author_NA
400," Godwin, Allison",author_NA
401," Johnson, Terri N.",author_NA
402," Sonnert, Gerhard",author_NA
403," Sadler, Phillip M.",author_NA
404,"George-Jackson, Casey E.",author_NA
405,"Graves, Amy",author_NA
406," Hoshino-Browne, Etsuko",author_NA
407," Lui, Kristine",author_NA
408,"Yen, Joyce W.",author_NA
409," Carrigan, Coleen",author_NA
410," Litzler, Elizabeth",author_NA
411,"Borum, Viveka",author_NA
412," Walker, Erica",author_NA
413,"Nehmeh, Ghada",author_NA
414," Kelly, Angela",author_NA
415,"Packard, Becky W.",author_NA
416," Gagnon, Janelle L.",author_NA
417," LaBelle, Onawa",author_NA
418," Jeffers, Kimberly",author_NA
419," Lynn, Erica",author_NA
420,"Bauer, Greta R.",author_NA
421," Scheim, Ayden I.",author_NA
422," Pyne, Jake",author_NA
423," Travers, Robb",author_NA
424," Hammond, Rebecca",author_NA
425,"Gisler, Stephanie",author_NA
426," Kato, Anne E.",author_NA
427," Lee, Soohyun",author_NA
428," Leung, Desmond W.",author_NA
429,"Smith, Kristin A.",author_NA
430," Arlotta, Paola",author_NA
431," Watt, Fiona M.",author_NA
432," Bargmann, Cori",author_NA
433," Berg, David",author_NA
434," Briggs, LaTese",author_NA
435," Chao, Moses V.",author_NA
436," Dulac, Catherine",author_NA
437," Eggan, Kevin",author_NA
438," Escobar-Alvarez, Sindy",author_NA
439," Fossati, Valentina",author_NA
440," Fuchs, Elaine",author_NA
441," Glimcher, Laurie H.",author_NA
442," Greco, Valentina",author_NA
443," Grosz, Barbara J.",author_NA
444," Hsu, Ya-Chieh",author_NA
445," Hynes, Mary",author_NA
446," Klitzman, Robert",author_NA
447," Masur, Sandra",author_NA
448," Mummery, Christine",author_NA
449," Myers, Betsy",author_NA
450," Nirenberg, Melissa J.",author_NA
451," Pola, Carolina",author_NA
452," Pomeroy, Claire",author_NA
453," Ruta, Vanessa",author_NA
454," Schachter, Beth",author_NA
455," Simmons, Rache",author_NA
456," Smith, Kristin A.",author_NA
457," Solomon, Susan L.",author_NA
458," Vunjak-Novakovic, Gordana",author_NA
459,"June, Audrey W.",author_NA
460,"Salmon, Barrington M.",author_NA
461,"Martinez Ortiz, Araceli",author_NA
462," Sriraman, Vederaman",author_NA
463,"Kulturel-Konak, Sadan",author_NA
464," D'Allegro, Mary Lou",author_NA
465," Dickinson, Sarah",author_NA
466,"Torres, Lisette E.",author_NA
467,"Vieyra, Michelle",author_NA
468," Gilmore, Joanna",author_NA
469," Timmerman, Briana",author_NA
470,"Edzie, Rosemary L.",author_NA
471,"Andrews, Jane",author_NA
472," Clark, Robin",author_NA
473,"Geisinger, Brandi N.",author_NA
474," Raman, D. Raj",author_NA
475,"Engberg, Mark E.",author_NA
476," Wolniak, Gregory C.",author_NA
477," Calderwood, Charles",author_NA
478,"Sublett, Cameron",author_NA
479," Gottfried, Michael A.",author_NA
480,"Holliday, Emma B.",author_NA
481," Siker, Malika",author_NA
482," Chapman, Christina H.",author_NA
483," Jagsi, Reshma",author_NA
484," Bitterman, Danielle S.",author_NA
485," Ahmed, Awad A.",author_NA
486," Winkfield, Karen",author_NA
487," Kelly, Maria",author_NA
488," Tarbell, Nancy J.",author_NA
489," Deville, Curtiland",author_NA
490,"Harrington, Kate A.",author_NA
491," Chang, Gregory",author_NA
492,"Kraemer, Nicole C.",author_NA
493," Karacora, Bilge",author_NA
494," Lucas, Gale",author_NA
495," Dehghani, Morteza",author_NA
496," Ruether, Gina",author_NA
497," Gratch, Jonathan",author_NA
498,"Lee, Ahlam",author_NA
499,"Berg, Tessa",author_NA
500," Sharpe, Alexander",author_NA
501," Aitkin, Emma",author_NA
502,"Stoeger, Heidrun",author_NA
503," Duan, Xiaoju",author_NA
504," Schirner, Sigrun",author_NA
505," Greindl, Teresa",author_NA
506," Ziegler, Albert",author_NA
507,"Wladis, Claire",author_NA
508," Hachey, Alyse C.",author_NA
509," Conway, Katherine M.",author_NA
510,"Christensen, Rhonda",author_NA
511," Knezek, Gerald",author_NA
512," Tyler-Wood, Tandra",author_NA
513,"Cromley, Jennifer G.",author_NA
514," Perez, Tony",author_NA
515," Wills, Theodore W.",author_NA
516," Tanaka, Jacqueline C.",author_NA
517," Horvat, Erin M.",author_NA
518," Agbenyega, Emily T.",author_NA
519,"Newall, Carol",author_NA
520," Gonsalkorale, Karen",author_NA
521," Walker, Ellen",author_NA
522," Forbes, G. Anne",author_NA
523," Highfield, Kate",author_NA
524," Sweller, Naomi",author_NA
525,"Wang, Ming-Te",author_NA
526," Degol, Jessica L.",author_NA
527,"Astorne-Figari, Carmen",author_NA
528," Speer, Jamin D.",author_NA
529,"Rask, Kevin",author_NA
530,"Russell, Lauren",author_NA
531,"Bottia, Martha C.",author_NA
532," Stearns, Elizabeth",author_NA
533," Mickelson, Roslyn A.",author_NA
534," Moller, Stephanie",author_NA
535," Valentino, Lauren",author_NA
536,"Griffith, Amanda L.",author_NA
537,"Price, Joshua",author_NA
538,"Shi, Ying",author_NA
539,"Kokkelenberg, Edward C.",author_NA
540," Sinha, Esha",author_NA
541,"Han, Seong Won",author_NA
542,"Palumbo, Laura",author_NA
543,"Robnett, Rachael D.",author_NA
544," Thoman, Sarah E.",author_NA
545,"Adame, Consolación",author_NA
546," Caplliure, Eva-María",author_NA
547," Miquel, María-José",author_NA
548,"Farrell, Lynn",author_NA
549," McHugh, Louise",author_NA
550,"Kamas, Linda",author_NA
551," Preston, Anne",author_NA
552,"Rosenbloom, Joshua L.",author_NA
553," Ash, Ronald A.",author_NA
554," Dupont, Brandon",author_NA
555," Coder, LeAnne",author_NA
556,"Mulvey, Kelly L.",author_NA
557," Miller, Bridget",author_NA
558," Rizzardi, Victoria",author_NA
559," Moscatelli, Adriana",author_NA
560,"Danbold, Felix",author_NA
561," Huo, Yuen J.",author_NA
562,"Pietri, Evava S.",author_NA
563," Johnson, India R.",author_NA
564," Ozgumus, Ezgi",author_NA
565,"Lee, Hang-Shim",author_NA
566," Flores, Lisa Y.",author_NA
567," Navarro, Rachel L.",author_NA
568," Kanagui-Muñoz, Marlen",author_NA
569,"Le, Huy",author_NA
570," Robbins, Steven B.",author_NA
571,"Fouad, Nadya A.",author_NA
572," Singh, Romila",author_NA
573," Cappaert, Kevin",author_NA
574," Chang, Wen-hsin",author_NA
575," Wan, Min",author_NA
576,"Hall, Alysha R.",author_NA
577," Nishina, Adrienne",author_NA
578," Lewis, Jakeem A.",author_NA
579,"Inda, Mercedes",author_NA
580," Rodríguez, Carmen",author_NA
581," Peña, José Vicente",author_NA
582,"Yang, Yang",author_NA
583," Barth, Joan M.",author_NA
584,"Wegemer, Christopher M.",author_NA
585," Eccles, Jacquelynne S.",author_NA
586,"Block, Caryn J.",author_NA
587," Cruz, Mateo",author_NA
588," Bairley, Maura",author_NA
589," Harel-Marian, Taly",author_NA
590," Roberson, Loriann",author_NA
591,"Wilkins-Yel, Kerrie G.",author_NA
592," Hyman, Jacqueline",author_NA
593," Zounlome, Nelson O. O.",author_NA
594," Lopez, Frederick G.",author_NA
595," Richardson, Clarissa M. E.",author_NA
596," Smith, Paige E.",author_NA
597," Watford, Bevlee A.",author_NA
598," Hui, Kayi",author_NA
599," Lim, Robert H.",author_NA
600,"Singh, Romila",author_NA
601," Fouad, Nadya A.",author_NA
602," Fitzpatrick, Mary E.",author_NA
603," Liu, Jane P.",author_NA
604," Cappaert, Kevin J.",author_NA
605," Figuereido, Catia",author_NA
606,"Cadaret, Michael C.",author_NA
607," Hartung, Paul J.",author_NA
608," Subich, Linda M.",author_NA
609," Weigold, Ingrid K.",author_NA
610,"Fischer, Stefanie",author_NA
611,"Hoyt, Crystal L.",author_NA
612," Murphy, Susan E.",author_NA
613,"Miller, David I.",author_NA
614," Halpern, Diane F.",author_NA
615,"Sorby, Sheryl",author_NA
616," Veurink, Norma",author_NA
617," Streiner, Scott",author_NA
618,"Julien, Heidi",author_NA
619," Barker, Susan",author_NA
620,"Sin, Sei-Ching J.",author_NA
621," Kim, Kyung-Sun",author_NA
622,"Berdousis, Ioannis",author_NA
623," Kordaki, Maria",author_NA
624,"Faitar, Gheorghita M.",author_NA
625," Faitar, Silviu L.",author_NA
626,"Saadin, Izmayani",author_NA
627," Ramli, Khalijah",author_NA
628," Johari, Husna",author_NA
629," Harin, Nurul A.",author_NA
630,"Hu, Anning",author_NA
631," Hibel, Jacob",author_NA
632,"Gaule, Patrick",author_NA
633," Piacentini, Mario",author_NA
634,"Lerchenmueller, Marc J.",author_NA
635," Sorenson, Olav",author_NA
636,"Liben, Lynn S.",author_NA
637," Coyle, Emily F.",author_NA
638,"Dutt, Manjul",author_NA
639," Erpen, Ligia",author_NA
640," Grosser, Jude W.",author_NA
641,"Sabharwal, Meghna",author_NA
642," Corley, Elizabeth A.",author_NA
643,"Oh, Seong Soo",author_NA
644," Lewis, Gregory B.",author_NA
645,"Morgan, Stephen L.",author_NA
646," Gelbgiser, Dafna",author_NA
647," Weeden, Kim A.",author_NA
648,"Sassler, Sharon",author_NA
649," Glass, Jennifer",author_NA
650," Levitte, Yael",author_NA
651," Michelmore, Katherine M.",author_NA
652,"Stets, Jan E.",author_NA
653," Brenner, Philip S.",author_NA
654," Burke, Peter J.",author_NA
655," Serpe, Richard T.",author_NA
656,"Mann, Allison",author_NA
657," DiPrete, Thomas A.",author_NA
658,"Anderson, Cynthia D.",author_NA
659," Mattley, Christine",author_NA
660," Conley, Valerie Martin",author_NA
661," Koonce, David A.",author_NA
662,"Buse, Kathleen",author_NA
663," Bilimoria, Diana",author_NA
664," Perelli, Sheri",author_NA
665,"O'Brien, Katharine R.",author_NA
666," Hebl, Michelle R.",author_NA
667,"Stroude, Aurianne",author_NA
668," Bellier-Teichmann, Tanja",author_NA
669," Cantero, Odile",author_NA
670," Dasoki, Nora",author_NA
671," Kaeser, Laure",author_NA
672," Ronca, Miriam",author_NA
673," Morin, Diane",author_NA
674," Leon, Raul",author_NA
675,"Flowers III, Alonzo M.",author_NA
676," Banda, Rosa",author_NA
677,"Zanin-Yost, Alessia",author_NA
678,"Gauder, Heidi",author_NA
679," Jenkins, Fred",author_NA
680,"Maltby, Jennifer L.",author_NA
681," Brooks, Christopher",author_NA
682," Horton, Marjorie",author_NA
683," Morgan, Helen",author_NA
684,"Gorman, Susan T.",author_NA
685," Durmowicz, Meredith C.",author_NA
686," Roskes, Ellen M.",author_NA
687," Slattery, Susan P.",author_NA
688,"McCullough, Laura",author_NA
689,"Wang, Xueli",author_NA
690," Chan, Hsun-yu",author_NA
691," Soffa, Sara J.",author_NA
692," Nachman, Brett R.",author_NA
693,"Su, Rong",author_NA
694," Rounds, James",author_NA
695,"Kahn, Shulamit",author_NA
696," Ginther, Donna K.",author_NA
697,"Boucher, Kathryn L.",author_NA
698," Fuesting, Melissa A.",author_NA
699," Diekman, Amanda B.",author_NA
700," Murphy, Mary C.",author_NA
701," Master, Allison",author_NA
702,"Williams, Williams M.",author_NA
703," Mahajan, Agrima",author_NA
704," Thoemmes, Felix",author_NA
705," Barnett, Susan M.",author_NA
706," Vermeylen, Francoise",author_NA
707," Cash, Brian M.",author_NA
708," Ceci, Stephen J.",author_NA
709,"Milesi, Carolina",author_NA
710," Perez-Felkner, Lara",author_NA
711," Brown, Kevin",author_NA
712,"Riegle-Crumb, Catherine",author_NA
713," Morton, Karisma",author_NA
714,"Perez-Felkneri, Lara",author_NA
715," Nix, Samantha",author_NA
716," Thomas, Kirby",author_NA
717,"Amon, Mary J.",author_NA
718," Degol, Jessica",author_NA
719," Ye, Feifei",author_NA
720,"Smyth, Frederick L.",author_NA
721," Nosek, Brian A.",author_NA
722,"Nix, Samantha",author_NA
723,"Buse, Kathleen R.",author_NA
724,"Crenshaw, Tanya L.",author_NA
725," Chambers, Erin W.",author_NA
726," Heeren, Cinda",author_NA
727," Metcalf, Heather E.",author_NA
728," Wai, Jonathan",author_NA
729,"Ertl, Bernhard",author_NA
730," Luttenberger, Silke",author_NA
731," Paechter, Manuela",author_NA
732,"Van Oosten, Ellen B.",author_NA
733," Buse, Kathleen",author_NA
734,"Meyer, Meredith",author_NA
735," Leslie, Sarah-Jane",author_NA
736,"Ceci, Stephen J.",author_NA
737,"Ong, Maria",author_NA
738," Wright, Carol",author_NA
739," Espinosa, Lorelle L.",author_NA
740," Orfield, Gary",author_NA
741,"Espinosa, Lorelle L.",author_NA
742,"Reyes, Marie-Elena",author_NA
743,"Rojas, Sina",author_NA
744,"Leath, Seanna",author_NA
745," Chavous, Tabbye",author_NA
746,"Jackson, Dimitra L.",author_NA
747,"Kumar, Vikas",author_NA
748," Sharma, Deepika",author_NA
749,"Wasburn, Mara H.",author_NA
750,"Whitney, Telle",author_NA
751," Taylor, Valerie",author_NA
752,"Godbole, Rohini M.",author_NA
753,"Joseph, Joretta",author_NA
754,"Whalen, Donald F.",author_NA
755," Shelley, II, Mack C.",author_NA
756,"Rice, Delores",author_NA
757," Alfred, Mary",author_NA
758,"Franchetti, Matthew",author_NA
759," Ravn, Tina",author_NA
760," Kuntz, Vickie",author_NA
761,"Gruenbacher, Don M.",author_NA
762," Natarajan, Balasubramaniam",author_NA
763," Pahwa, Anil",author_NA
764," Scoglio, Caterina",author_NA
765," Lewis, Chris",author_NA
766," Muguira, Maritza",author_NA
767,"Bloor, Ann",author_NA
768," Krenitsky, Loretta",author_NA
769," Wellenstein, Mary Jo",author_NA
770,"Crawford, Delois K.",author_NA
771,"Dahle, R.",author_NA
772," Eagleston, K.",author_NA
773," Jockers, L.",author_NA
774,"Claiborn, Lindsay",author_NA
775," Xu, Huan",author_NA
776,"Lopez-Gonzalez, Monica",author_NA
777,"Matheus, Carolyn C.",author_NA
778," Quinn, Elizabeth",author_NA
779," Scott, A.",author_NA
780," Wilson, K.",author_NA
781,"Baird, Chardie L.",author_NA
782,"Zhu, Xiaorui",author_NA
783,"Sobel, Melissa",author_NA
784," Gilmartin, Jessica",author_NA
785," Sankar, Pooja",author_NA
786,"Kamberi, Shahnaz",author_NA
787,"Randall, Ian",author_NA
788,"Tunnicliffe, Helen",author_NA
789,"Kersey, Elizabeth",author_NA
790,"Otondo, Robert F.",author_NA
791," Pearson, Rodney A.",author_NA
792," Jones, Bryan",author_NA
793," Bott, Gregory J.",author_NA
794," Reese, Donna",author_NA
795," Hodges, Julia",author_NA
796," Ndicu, Martin J.",author_NA
797,"Milgram, Donna",author_NA
798,"Lewis, Jaime D.",author_NA
799," Fane, Kathleen E.",author_NA
800," Ingraham, Angela M.",author_NA
801," Khan, Ayesha",author_NA
802," Mills, Anne M.",author_NA
803," Pitt, Susan C.",author_NA
804," Ramo, Danielle",author_NA
805," Wu, Roseann I.",author_NA
806," Pollart, Susan M.",author_NA
807,"Veinot, Tiffany C.",author_NA
808," Meadowbrooke, Chrysta C.",author_NA
809," Loveluck, Jimena",author_NA
810," Hickok, Andrew",author_NA
811," Bauermeister, Jose A.",author_NA
812,"Turner, Trudy R.",author_NA
813," Bernstein, Robin M.",author_NA
814," Taylor, Andrea B.",author_NA
815," Asangba, Abigail",author_NA
816," Bekelman, Traci",author_NA
817," Cramer, Jennifer D.",author_NA
818," Elton, Sarah",author_NA
819," Harvati, Katerina",author_NA
820," Williams-Hatala, Erin M.",author_NA
821," Kauffman, Laurie",author_NA
822," Middleton, Emily",author_NA
823," Richtsmeier, Joan",author_NA
824," Szathmary, Emoke",author_NA
825," Torres-Rouff, Christina",author_NA
826," Thayer, Zaneta",author_NA
827," Villasenor, Amelia",author_NA
828," Vogel, Erin",author_NA
829,"Schaefer, Mary C.",author_NA
830,"Dugan, John P.",author_NA
831," Fath, Kimberly Q.",author_NA
832," Howes, Shannon D.",author_NA
833," Lavelle, Kathryn R.",author_NA
834," Polanin, Joshua R.",author_NA
835," Smith, Janet M.",author_NA
836," Ko, Lily T.",author_NA
837,"Carpi, Anthony",author_NA
838," Ronan, Darcy M.",author_NA
839," Falconer, Heather M.",author_NA
840," Lents, Nathan H.",author_NA
841,"Simon, Richard M.",author_NA
842," Wagner, Ashley",author_NA
843," Killion, Brooke",author_NA
844,"Wilson, Rachel E.",author_NA
845," Kittleson, Julie",author_NA
846,"Means, Barbara",author_NA
847," Wang, Haiwen",author_NA
848," Young, Viki",author_NA
849," Peters, Vanessa L.",author_NA
850," Lynch, Sharon J.",author_NA
851,"Morton, Terrell R.",author_NA
852," Parsons, Eileen C.",author_NA
853,"Morales, Danielle X.",author_NA
854," Grineski, Sara E.",author_NA
855," Collins, Timothy W.",author_NA
856,"Patall, Erika A.",author_NA
857," Steingut, Rebecca R.",author_NA
858," Freeman, Jen L.",author_NA
859," Pituch, Keenan A.",author_NA
860," Vasquez, Ariana C.",author_NA
861,"Maltese, Adam V.",author_NA
862,"Cannady, Matthew A.",author_NA
863," Greenwald, Eric",author_NA
864," Harris, Kimberly N.",author_NA
865,"Sadler, Philip M.",author_NA
866," Hazari, Zahra",author_NA
867," Tai, Robert",author_NA
868," Melki, Christina S.",author_NA
869," Wiebke, Heidi L.",author_NA
870,"Von Thaden, Terry L.",author_NA
871,"Beekman, John A.",author_NA
872," Ober, David",author_NA
873,"Redmond-Sanogo, Adrienne",author_NA
874," Angle, Julie",author_NA
875," Davis, Evan",author_NA
876,"Skolnik, Julia",author_NA
877,"Baker, Kelly J.",author_NA
878,"Mutahi, Teresa",author_NA
879,"Santovec, Mary Lou",author_NA
880,"Starobin, Soko S.",author_NA
881," Bivens, Glennda M.",author_NA
882,"Mack, Kelly",author_NA
883," Rankins, Claudia",author_NA
884," Woodson, Kamilah",author_NA
885,"Ruiz, Elsa C.",author_NA
886,"Dawson, Amy E.",author_NA
887," Bernstein, Bianca L.",author_NA
888," Bekki, Jennifer M.",author_NA
889," Starobin, Soko S.",author_NA
890," Laanan, Frankie S.",author_NA
891,"Gayles, Joy G.",author_NA
892," Ampaw, Frim D.",author_NA
893,"Inkelas, Karen K.",author_NA
894,"Shapiro, Casey A.",author_NA
895," Sax, Linda J.",author_NA
896,"Nassar-McMillan, Sylvia",author_NA
897," Wyer, Mary",author_NA
898," Oliver-Hoyo, Maria",author_NA
899," Schneider, Jennifer",author_NA
900,"Johnson, Dawn R.",author_NA
901,"Linley, Jodi L.",author_NA
902," George-Jackson, Casey",author_NA
903,"Gnilka, Philip B.",author_NA
904," Novakovic, Alexandra",author_NA
905,"Blair, Elizabeth E.",author_NA
906," Miller, Rebecca B.",author_NA
907," Zastavker, Yevgeniya V.",author_NA
908,"Brawner, Catherine E.",author_NA
909," Camacho, Michelle M.",author_NA
910," Lord, Susan M.",author_NA
911," Long, Russell A.",author_NA
912," Ohland, Matthew W.",author_NA
913,"Brand, Brenda",author_NA
914," Kasarda, Mary",author_NA
915,"Thornbush, Mary",author_NA
916,"Smith, Kathleen N.",author_NA
917," Gayles, Joy G.",author_NA
918,"Sarathchandra, Dilshani",author_NA
919," Haltinner, Kristin",author_NA
920," Lichtenberg, Nicole",author_NA
921," Tracy, Hailee",author_NA
922," Smith, Kristin",author_NA
923,"Cabay, Marilyn.",author_NA
924," Rivers, Melissa",author_NA
925," Fabert, Natalie",author_NA
926,"Misra, Joya",author_NA
927," Smith-Doerr, Laurel",author_NA
928," Weaver, Gabriela",author_NA
929," Normanly, Jennifer",author_NA
930,"Verdin, Dina",author_NA
931," Kirn, Adam",author_NA
932," Benson, Lisa",author_NA
933," Potvin, Geoff",author_NA
934,"Ma, Yingyi",author_NA
935," Liu, Yan",author_NA
936,"Shauman, Kimberlee A.",author_NA
937,"Lopez, Cristina M.",author_NA
938," Margherio, Cara",author_NA
939," Abraham-Hilaire, Latecia M.",author_NA
940," Feghali-Bostwick, Carol",author_NA
941,"Blair-Loy, Mary",author_NA
942," Rogers, Laura E.",author_NA
943," Glaser, Daniela",author_NA
944," Wong, Y. L. Anne",author_NA
945," Abraham, Danielle",author_NA
946," Cosman, Pamela C.",author_NA
947,"Weisgram, Erika S.",author_NA
948,"Banchefsky, Sarah M.",author_NA
949,"Thébaud, Sarah",author_NA
950," Charles, Maria",author_NA
951,"Garr-Schultz, Alexandra",author_NA
952," Gardner, Wendi L.",author_NA
953,"Dresden, Brooke E.",author_NA
954," Dresden, Alexander Y.",author_NA
955," Ridge, Robert D.",author_NA
956,"Sanabria, Tanya",author_NA
957," Penner, Andrew",author_NA
958,"Edge, W. Daniel",author_NA
959,"D'Inverno, Ashley S.",author_NA
960," Kearns, Megan C.",author_NA
961," Reidy, Dennis E.",author_NA
962,"Villablanca, Amparo C.",author_NA
963," Beckett, Laurel",author_NA
964," Nettiksimmons, Jasmine",author_NA
965," Howell, Lydia P.",author_NA
966,"Han, Siqi",author_NA
967," Tumin, Dmitry",author_NA
968," Qian, Zhenchao",author_NA
969,"Sheltzer, Jason M.",author_NA
970," Smith, Joan C.",author_NA
971,"Dennehy, Tara C.",author_NA
972,"Dasgupta, Nilanja",author_NA
973," Scircle, Melissa McManus",author_NA
974,"Reuben, Ernesto",author_NA
975," Sapienza, Paola",author_NA
976," Zingales, Luigi",author_NA
977,"Williams, Wendy M.",author_NA
978,"Handley, Ian M.",author_NA
979," Moss-Racusin, Corinne A.",author_NA
980,"Moss, Justin Q.",author_NA
981,"Hazari, Zahra",author_NA
982," Sadler, Philip M.",author_NA
983,"Metcalf, Heather",author_NA
984,"Parson, Laura",author_NA
985,"Mancl, Karen",author_NA
986," Lee, Katrina",author_NA
987,"Geber, Hilary",author_NA
988," Roughneen, Caroline",author_NA
989,"Adamo, Shelley A.",author_NA
990,"Kern, Christel C.",author_NA
991," Kenefic, Laura S.",author_NA
992," Stout, Susan L.",author_NA
993,"Ballen, Cissy J.",author_NA
994," Aguillon, Stephanie M.",author_NA
995," Brunelli, Rebecca",author_NA
996," Drake, Abby Grace",author_NA
997," Wassenberg, Deena",author_NA
998," Weiss, Stacey L.",author_NA
999," Zamudio, Kelly R.",author_NA
1000," Cotner, Sehoya",author_NA
1001," Stoop, Chatanika",author_NA
1002," Young, Micaela",author_NA
1003," Held, Suzanne",author_NA
1004," Zale, Alexander V.",author_NA
1005," Potvin, Martha A.",author_NA
1006,"McDaniel, Anne",author_NA
1007,"Adamowicz, Elizabeth M.",author_NA
1008,"Beyer, Sylvia",author_NA
1009,"Carrell, Scott E.",author_NA
1010," Page, Marianne E.",author_NA
1011," West, James E.",author_NA
1012," Bowman, Lauren",author_NA
1013,"Forbes, Chad E.",author_NA
1014," Amey, Rachel",author_NA
1015," Magerman, Adam B.",author_NA
1016," Duran, Kelly",author_NA
1017," Liu, Menting",author_NA
1018,"Lincoln, Anne E.",author_NA
1019,"Glass, Jennifer L.",author_NA
1020," Sassler, Sharon",author_NA
1021,"Cech, Erin A.",author_NA
1022," Blair-Loy, Mary",author_NA
1023,"Flores, Glenda M.",author_NA
1024,"Mulvey, Kelly Lynn",author_NA
1025," Irvin, Matthew J.",author_NA
1026,"Wyss, Vanessa L.",author_NA
1027,"Price, C. Aaron",author_NA
1028," Kares, F",author_NA
1029," Segovia, Gloria",author_NA
1030," Loyd, Aerika B.",author_NA
1031,"Herrmann, Sarah D.",author_NA
1032," Adelman, Robert M.",author_NA
1033," Bodford, Jessica E.",author_NA
1034," Graudejus, Oliver",author_NA
1035," Okun, Morris A.",author_NA
1036," Kwan, Virginia S. Y.",author_NA
1037,"Drury, Benjamin J.",author_NA
1038," Siy, John O.",author_NA
1039,"Zeng, Xiao Han T.",author_NA
1040," Duch, Jordi",author_NA
1041," Sales-Pardo, Marta",author_NA
1042," Moreira, João A. G.",author_NA
1043," Radicchi, Filippo",author_NA
1044," Ribeiro, Haroldo V.",author_NA
1045," Woodruff, Teresa K.",author_NA
1046," Amaral, Luís A. Nunes",author_NA
1047,"Berman, Francine D.",author_NA
1048," Bourne, Philip E.",author_NA
1049,"Bonham, Kevin S.",author_NA
1050," Stefan, Melanie I.",author_NA
1051,"Gibbs, Jr, Kenneth D.",author_NA
1052," McGready, John",author_NA
1053," Bennett, Jessica C.",author_NA
1054," Griffin, Kimberly",author_NA
1055," Salehi, Shima",author_NA
1056,"Grunspan, Daniel Z.",author_NA
1057," Eddy, Sarah L.",author_NA
1058," Wiggins, Benjamin L.",author_NA
1059," Crowe, Alison J.",author_NA
1060," Goodreau, Steven M.",author_NA
1061," Bloodhart, Brittany",author_NA
1062," Barnes, Rebecca T.",author_NA
1063," Adams, Amanda S.",author_NA
1064," Clinton, Sandra M.",author_NA
1065," Pollack, Ilana",author_NA
1066," Godfrey, Elaine",author_NA
1067," Burt, Melissa",author_NA
1068," Fischer, Emily V.",author_NA
1069,"Gumpertz, Marcia",author_NA
1070," Durodoye, Raifu",author_NA
1071," Griffith, Emily",author_NA
1072," Wilson, Alyson",author_NA
1073,"Conti, Annamaria",author_NA
1074," Visentin, Fabiana",author_NA
1075,"Sullivan, Lauren L.",author_NA
1076," Ballen, Cissy J.",author_NA
1077,"Cooper, Katelyn M.",author_NA
1078," Hendrix, Taija",author_NA
1079," Stephens, Michelle D.",author_NA
1080," Cala, Jaqueline M.",author_NA
1081," Mahrer, Kali",author_NA
1082," Krieg, Anna",author_NA
1083," Agloro, Ashley C. M.",author_NA
1084," Badini, Giovani V.",author_NA
1085," Barnes, M. Elizabeth",author_NA
1086," Eledge, Bradley",author_NA
1087," Jones, Roxann",author_NA
1088," Lemon, Edmond C.",author_NA
1089," Massimo, Nicholas C.",author_NA
1090," Martin, Annette",author_NA
1091," Ruberto, Thomas",author_NA
1092," Simonson, Kailey",author_NA
1093," Webb, Emily A.",author_NA
1094," Weaver, Joseph",author_NA
1095," Zheng, Yi.",author_NA
1096,"Ellis, Jessica",author_NA
1097," Fosdick, Bailey K.",author_NA
1098," Rasmussen, Chris",author_NA
1099,"Carter, Alecia J.",author_NA
1100," Croft, Alyssa",author_NA
1101," Lukas, Dieter",author_NA
1102," Sandstrom, Gillian M.",author_NA
1103,"Stanich, Cynthia A.",author_NA
1104," Pelch, Michael A.",author_NA
1105," Theobald, Elli J.",author_NA
1106," Freeman, Scott",author_NA
1107,"Laursen, Sandra L.",author_NA
1108," Austin, Ann E.",author_NA
1109," Soto, Melissa",author_NA
1110," Martinez, Dalinda",author_NA
1111,"Goltz, Sonia M.",author_NA
1112," Hietapelto, Amy",author_NA
1113,"Tsui, Ming",author_NA
1114," Xu, Xiao-ying",author_NA
1115," Venator, Edmond",author_NA
1116," Wang, Yan",author_NA
1117,"McGee, Ebony O.",author_NA
1118," Bentley, Lydia",author_NA
1119,"Lester, Jaime",author_NA
1120," Yamanaka, Aoi",author_NA
1121," Struthers, Brice",author_NA
1122," Senas, Arleen J.",author_NA
1123,"Jorstad, John",author_NA
1124," Chen, Yu (April)",author_NA
1125," Kollasch, Aurelia",author_NA
1126,"Wickersham, Kelly",author_NA
1127," Wang, Xueli",author_NA
1128,"Case, Susan S.",author_NA
1129," Richley, Bonnie A.",author_NA
1130,"Sheard, Judy",author_NA
1131," Carbone, Angela",author_NA
1132," Hurst, Angas J.",author_NA
1133,"Lehman, Kathleen J.",author_NA
1134," Zimmerman, Hilary B.",author_NA
1135,"McPherson, Erin",author_NA
1136," Banchefsky, Sarah",author_NA
1137,"Heybach, Jessica",author_NA
1138," Pickup, Austin",author_NA
1139,"McLoughlin, Lisa A.",author_NA
1140,"Min, Pyong Gap",author_NA
1141," Jang, Sou Hyun",author_NA
1142,"Mattsson, Tina",author_NA
1143,"Guest, Carly J.",author_NA
1144,"Kelley, Margaret S.",author_NA
1145," Bryan, Kimberly K.",author_NA
1146,"Bear, Julia B.",author_NA
1147," Woolley, Anita W.",author_NA
1148,"Banda, Rosa M.",author_NA
1149," Flowers, Alonzo M.",author_NA
1150,"Piatek-Jimenez, Katrina",author_NA
1151," Cribbs, Jennifer",author_NA
1152," Gill, Nicole",author_NA
1153,"Young, Anna M.",author_NA
1154," Wendel, Paul J.",author_NA
1155," Esson, Joan M.",author_NA
1156," Plank, Kathryn M.",author_NA
1157,"Adamuti-Trache, Maria",author_NA
1158," Sweet, Robert",author_NA
1159,"Dorph, Rena",author_NA
1160," Bathgate, Meghan E.",author_NA
1161," Schunn, Christian D.",author_NA
1162," Cannady, Matthew A.",author_NA
1163,"Herman, Clem",author_NA
1164,"Buschor, Christine B.",author_NA
1165," Berweger, Simone",author_NA
1166, Frei,author_NA
1167," Keck, Andrea",author_NA
1168," Kappler, Christa",author_NA
1169,"Pedersen, Daphne E.",author_NA
1170," Jacobs, Jerry A.",author_NA
1171," Kanny, M. Allison",author_NA
1172," Monje-Paulson, Laura",author_NA
1173,"Perez-Felkner, Laura",author_NA
1174," Hopkins, Jordan",author_NA
1175," D'Sa, Mitchell",author_NA
1176,"Hart, Jeni",author_NA
1177,"Chen, P. Daniel",author_NA
1178," Simpson, Patricia A.",author_NA
1179,"Xu, Yonghong J.",author_NA
1180,"Soldner, Matthew",author_NA
1181," Rowan-Kenyon, Heather",author_NA
1182," Inkelas, Karen Kurotsuchi",author_NA
1183," Garvey, Jason",author_NA
1184," Robbins, Claire",author_NA
1185," Ampaw, Frim",author_NA
1186,"Sayman, Donna M.",author_NA
1187,"Gonzalez Ramos, Ana M.",author_NA
1188,"Allen, Carrie D.",author_NA
1189," Eisenhart, Margaret",author_NA
1190,"Dortch, Deniece",author_NA
1191," Patel, Chirag",author_NA
1192," Ozaki, C. Casey",author_NA
1193,"Goldman, Emily G.",author_NA
1194,"Pascale, Amanda B.",author_NA
1195,"Sarseke, Gulnar",author_NA
1196,"Krook, Mona L.",author_NA
1197,"Okamoto, Karen",author_NA
1198,"Blackburn, Heidi",author_NA
1199,"Beddoes, Kacey",author_NA
1200," Pawley, Alice L.",author_NA
1201,"Smith, Daryl G.",author_NA
1202,"Teo, Tang W.",author_NA
1203,"Crowe, Jessica A.",author_NA
1204," Goldberger, Jessica R.",author_NA
1205,"Leggon, Cheryl B.",author_NA
1206,"Ganley, Colleen M.",author_NA
1207," George, Casey E.",author_NA
1208," Cimpian, Joseph R.",author_NA
1209," Makowski, Martha B.",author_NA
1210,"Archer, Louise",author_NA
1211," Moote, Julie",author_NA
1212," Francis, Becky",author_NA
1213," DeWitt, Jennifer.",author_NA
1214," Yeomans, Lucy",author_NA
1215," King, Barbara",author_NA
1216," Grodsky, Eric",author_NA
1217," Muller, Chandra",author_NA
1218," Rubineau, Brian",author_NA
1219," Silbey, Susan",author_NA
1220," Seron, Caroll",author_NA
1221,"Goulden, Marc",author_NA
1222," Mason, Mary",author_NA
1223," Frasch, Karie",author_NA
1224,"Hagedorn, Linda S.",author_NA
1225," Purnamasari, Agustina V.",author_NA
1226,"Lubienski, Sarah T.",author_NA
1227," Miller, Emily K.",author_NA
1228," Saclarides, Evthokia S.",author_NA
1229," Nelson, Paul A.",author_NA
1230," Zurbriggen, Eileen L.",author_NA
1231," Crosby, Faye J.",author_NA
1232," Chemers, Martin M.",author_NA
1233,"Damaske, Sarah",author_NA
1234,"Rhoton, Laura A.",author_NA
1235,"Fox, Mary Frank",author_NA
1236," Nikiforova, Irina",author_NA
1237,"Heilbronner, Nancy N.",author_NA
1238,"Chen, Jacqueline M.",author_NA
1239," Moons, Wesley G.",author_NA
1240,"Bella, Laura D.",author_NA
1241," Crisp, Richard J.",author_NA
1242,"Cundiff, J.L.",author_NA
1243," Ryuk, S.",author_NA
1244," Cech, K.",author_NA
1245,"Casad, B.J.",author_NA
1246," Oyler, D.L.",author_NA
1247," Sullivan, E.T.",author_NA
1248," McClellan, E.M.",author_NA
1249," Tierney, D.N.",author_NA
1250," Anderson, D.A.",author_NA
1251," Greeley, P.A.",author_NA
1252," Fague, M.A.",author_NA
1253," Flammang, B.J.",author_NA
1254,"Eccles, Jacquelynne S.",author_NA
1255," Wang, Ming-Te",author_NA
1256,"Boyd, Monica",author_NA
1257," Tian, Siyue",author_NA
1258,"Falk, Nikki A.",author_NA
1259," Rottinghaus, Patrick J.",author_NA
1260," Casanova, Tracy N.",author_NA
1261," Borgen, Fred H.",author_NA
1262," Betz, Nancy E.",author_NA
1263,"Iskander, E. Tiffany",author_NA
1264," Gore, Jr, Paul A.",author_NA
1265," Furse, Cynthia",author_NA
1266," Bergerson, Amy",author_NA
1267,"Prime, Dominic R.",author_NA
1268," Wilkins, Kerrie G.",author_NA
1269,"Deemer, Eric D.",author_NA
1270," Mahoney, Kevin T.",author_NA
1271," Ball, Jacqueline H.",author_NA
1272," Santana, Mercedes C.",author_NA
1273,"Blustein, David L.",author_NA
1274," Barnett, Michael",author_NA
1275," Mark, Sheron",author_NA
1276," Depot, Mark",author_NA
1277," Lovering, Meghan",author_NA
1278," Lee, Youjin",author_NA
1279," Hu, Qin",author_NA
1280," Kim, James",author_NA
1281," Backus, Faedra",author_NA
1282," Dillon-Lieberman, Kristin",author_NA
1283," DeBay, Dennis",author_NA
1284,"Reilly, Erin D.",author_NA
1285," Rackley, Kadie R.",author_NA
1286," Awad, Germine H.",author_NA
1287,"Ruud, Collin M.",author_NA
1288," George-Jackson, Casey E.",author_NA
1289," Lubienski, Sarah T.",author_NA
1290,"Dagley, Melissa",author_NA
1291," Georgiopoulos, Michael",author_NA
1292," Reece, Amber",author_NA
1293," Young, Cynthia",author_NA
1294,"Kerr, Barbara A.",author_NA
1295," Multon, Karen D.",author_NA
1296," Syme, Maggie L.",author_NA
1297," Fry, Nancy M.",author_NA
1298," Owens, Rhea",author_NA
1299," Hammond, Marie",author_NA
1300," Robinson-Kurpius, Sharon",author_NA
1301,"Buzzanell, Patrice M.",author_NA
1302," Long, Ziyu",author_NA
1303,"Davison, Mark L.",author_NA
1304," Jew, Gilbert B.",author_NA
1305," Davenport Jr, Ernest C.",author_NA
1306,"Park, Lora E.",author_NA
1307," Young, Ariana F.",author_NA
1308," Troisi, Jordan D.",author_NA
1309," Pinkus, Rebecca T.",author_NA
1310,"Fuesting, Melissa A.",author_NA
1311," Kondrak, Cheryl L.",author_NA
1312," Ward, Deborah E.",author_NA
1313," Streamer, Lindsey",author_NA
1314," Lewis, Karyn L.",author_NA
1315," Hawthorne, Lauren",author_NA
1316," Hodges, Sara D.",author_NA
1317," Belanger, Aimee L.",author_NA
1318,"Eagly, Alice H.",author_NA
1319," Miller, David I.",author_NA
1320," Kenny, Sarah",author_NA
1321,"Stoet, Gijsbert",author_NA
1322," Geary, David C.",author_NA
1323,"Ahlqvist, Sheana",author_NA
1324," Rosenthal, Lisa",author_NA
1325," Kahn, Shulamit",author_NA
1326,"Starr, Christine R.",author_NA
1327,"Moss-Racusin, Corinne A.",author_NA
1328," Molenda, Aneta K.",author_NA
1329," Cramer, Charlotte R.",author_NA
1330,"Settles, Isis H.",author_NA
1331," O’Connor, Rachel C.",author_NA
1332," Yap, Stevie C. Y.",author_NA
1333,Settles Isis H.,author_NA
1334," Cortina, Lilia M.",author_NA
1335," Buchanan, Nicole T. ",author_NA
1336," Miner, Kathi N.",author_NA
1337," Drury, Benjamin J.",author_NA
1338," Vichayapai, Marissa",author_NA
1339,"Lewis, Karyn L.",author_NA
1340," Stout, Jane G.",author_NA
1341," Finkelstein, Noah D.",author_NA
1342," Pollock, Steven J.",author_NA
1343," Miyake, Akira",author_NA
1344," Cohen, Geoff L.",author_NA
1345,"Kuchynka, Sophie L.",author_NA
1346," Salomon, Kristen",author_NA
1347," Bosson, Jennifer K.",author_NA
1348," El-Hout, Mona",author_NA
1349," Kiebel, Elizabeth",author_NA
1350," Cooperman, Claudia",author_NA
1351," Toomey, Ryan",author_NA
1352,"Else-Quest, Nicole M.",author_NA
1353," Mineo, Concetta C.",author_NA
1354," Higgins, Ashley",author_NA
1355," Young, Allison I.",author_NA
1356,"LaCosse, Jennifer",author_NA
1357," Sekaquaptewa, Denise",author_NA
1358," Bennett, Jill",author_NA
1359,"Thoman, Dustin B.",author_NA
1360," Arizaga, Jessica A.",author_NA
1361," Story, Tyler S.",author_NA
1362," Soncuya, Gretchen",author_NA
1363,"McClelland, Sara I.",author_NA
1364," Holland, Kathryn J.",author_NA
1365,"Kim, Ann Y.",author_NA
1366," Sinatra, Gale M.",author_NA
1367," Seyranian, Viviane",author_NA
1368,"Ireland, Danyelle T.",author_NA
1369," Freeman, Kimberly E.",author_NA
1370," Winston-Proctor, Cynthia E.",author_NA
1371," DeLaine, Kendra D.",author_NA
1372," Lowe, Stacey M.",author_NA
1373," Woodson, Kamilah M.",author_NA
1374,"Fogg-Rogers, Laura",author_NA
1375," Sardo, Margarida",author_NA
1376," Boushel, Corra",author_NA
1377,"Gaughan, Monica",author_NA
1378," Melkers, Julia",author_NA
1379," Welch, Erin",author_NA
1380,"Valentino, Lauren",author_NA
1381," Mickelson, Roslyn",author_NA
1382," Kim, Saenam",author_NA
1383,"Holleran, Shannon E.",author_NA
1384," Whitehead, Jessica",author_NA
1385," Schmader, Toni",author_NA
1386," Mehl, Matthias R.",author_NA
1387,"Harnois, Catherine E.",author_NA
1388,"Shepherd, Hana",author_NA
1389," Paluck, Elizabeth L.",author_NA
1390,"Wynn, Alison T.",author_NA
1391," Correll, Shelley J.",author_NA
1392,"Burge, Stephanie W.",author_NA
1393,"Grossman, Jennifer M.",author_NA
1394," Porche, Michelle V.",author_NA
1395,"Seron, Carroll",author_NA
1396,"Jones, Jenny",author_NA
1397,"Fuselier, Linda",author_NA
1398," Jackson, J. Kasi",author_NA
1399,"Cho, Seung-Ho",author_NA
1400," Goodman, Mark",author_NA
1401," Oppenheimer, Bonnie",author_NA
1402," Codling, James",author_NA
1403," Robinson, Thomas",author_NA
1404,"Weeden, Kim A.",author_NA
1405," Thebaud, Sarah",author_NA
1406,"Pena, Kylee",author_NA
1407," Hinsen, Katie",author_NA
1408," Wilbur, Meaghan",author_NA
1409,"Easterly, Debra M.",author_NA
1410," Ricard, Cynthia S.",author_NA
1411,"Hartemink, Alfred E.",author_NA
1412," McBratney, Alex",author_NA
1413," Minasny, Budiman",author_NA
1414,"Brevik, Eric C.",author_NA
1415," Vaughan, Karen L.",author_NA
1416," Parikh, Sanjai J.",author_NA
1417," Dolliver, Holly",author_NA
1418," Lindbo, David",author_NA
1419," Steffan, Joshua J.",author_NA
1420," Weindorf, David C.",author_NA
1421," McDaniel, Paul",author_NA
1422," Mbila, Monday",author_NA
1423," Edinger-Marshall, Susan",author_NA
1424,"Vila-Concejo, Ana",author_NA
1425," Gallop, Shari L.",author_NA
1426," Hamylton, Sarah M.",author_NA
1427," Esteves, Luciana S.",author_NA
1428," Bryan, Karin R.",author_NA
1429," Delgado-Fernandez, Irene",author_NA
1430," Guisado-Pintado, Emilia",author_NA
1431," Joshi, Siddhi",author_NA
1432," Silva, Graziela Miot da",author_NA
1433," Alegria-Arzaburu, Amaia Ruiz de",author_NA
1434," Power, Hannah E.",author_NA
1435," Senechal, Nadia",author_NA
1436," Splinter, Kristen",author_NA
1437,"Osei-Kofi, Nana",author_NA
1438," Torres, Lisette",author_NA
1439,"Thomas, Nicole",author_NA
1440," Bystydzienski, Jill",author_NA
1441," Desai, Anand",author_NA
1442,"Holmes, Maja",author_NA
1443," Jackson, J. Kasi ",author_NA
1444," Stoiko, Rachel",author_NA
1445,"Koch, James V.",author_NA
1446," Zahedi, Ziniya",author_NA
1447,"McGee, Richard",author_NA
1448,"Chesler, Naomi C.",author_NA
1449," Barabino, Gilda",author_NA
1450," Bhatia, Sangeeta N.",author_NA
1451," Richards-kortum, Rebecca",author_NA
1452,"Makarova, Elena",author_NA
1453," Aeschlimann, Belinda",author_NA
1454," Herzog, Walter",author_NA
1455,"Ifcher, John",author_NA
1456," Zarghamee, Homa",author_NA
1457,"Beutel, Ann M.",author_NA
1458," Burge, Stephanie W.",author_NA
1459," Borden, B. Ann",author_NA
1460,"Xu, Yonghong",author_NA
1461," Martin, Cynthia",author_NA
1462,"Su, Xuhong",author_NA
1463," Johnson, Japera",author_NA
1464," Bozeman, Barry",author_NA
1465,"Walker, Melanie",author_NA
1466,"Kniola, David",author_NA
1467," Chang, Mido",author_NA
1468," Olsen, Deborah",author_NA
1469,"Ceglie, Robert J.",author_NA
1470," Settlage, John",author_NA
1471,"Bergeron, Liz",author_NA
1472," Gordon, Melissa",author_NA
1473,"Pasha-Zaidi, Nausheen",author_NA
1474," Afari, Ernest",author_NA
1475,"Pelch, Michael",author_NA
1476,"Rainey, Katherine",author_NA
1477," Dancy, Melissa",author_NA
1478,"Talley, Kimberly G.",author_NA
1479," Ortiz, Araceli M,",author_NA
1480,"van Tuijl, Cathy",author_NA
1481," van der Molen, Juliette H W.",author_NA
1482,"Wei, Xin",author_NA
1483," Yu, Jennifer W.",author_NA
1484," Shattuck, Paul",author_NA
1485," McCracken, Mary",author_NA
1486," Blackorby, Jose",author_NA
1487,"Simpson, Amber",author_NA
1488," Maltese, Adam",author_NA
1489,"Gilliam, Melissa",author_NA
1490," Jagoda, Patrick",author_NA
1491," Fabiyi, Camille",author_NA
1492," Lyman, Phoebe",author_NA
1493," Wilson, Claire",author_NA
1494," Hill, Brandon",author_NA
1495," Bouris, Alida",author_NA
1496,"Doerschuk, Peggy",author_NA
1497," Bahrim, Cristian",author_NA
1498," Daniel, Jennifer",author_NA
1499," Kruger, Joseph",author_NA
1500," Mann, Judith",author_NA
1501," Martin, Cristopher",author_NA
1502,"Koch, Melissa",author_NA
1503," Gorges, Torie",author_NA
1504,"Gomoll, Andrea",author_NA
1505," Hmelo-Silver, Cindy E.",author_NA
1506," Šabanović, Selma",author_NA
1507," Francisco, Matthew",author_NA
1508,"Bamberger, Yael M.",author_NA
1509,"Jang, Hyewon",author_NA
1510,"Connors-Kellgren, Alice",author_NA
1511," Parker, Caroline E.",author_NA
1512," Blustein, David L.",author_NA
1513," Barnett, Mike",author_NA
1514,"Mark, Sheron L.",author_NA
1515,"Ashford, Shetay N.",author_NA
1516," Lanehart, Rheta E.",author_NA
1517," Kersaint, Gladis K.",author_NA
1518," Lee, Reginald S.",author_NA
1519," Kromrey, Jeffrey D.",author_NA
1520,"Comeaux, Eddie",author_NA
1521," Bachman, Tina",author_NA
1522," Burton, Rena M.",author_NA
1523," Aliyeva, Aida",author_NA
1524,"Finkel, Liza",author_NA
1525," O'Leary, Katie",author_NA
1526," Riskin, Eve",author_NA
1527," Yen, Joyce",author_NA
1528," O'Donnell, Matt",author_NA
1529,"Shishkova, Evgenia",author_NA
1530," Kwiecien, Nicholas W.",author_NA
1531," Hebert, Alexander S.",author_NA
1532," Westphall, Michael S.",author_NA
1533," Prenni, Jessica E.",author_NA
1534," Coon, Joshua J.",author_NA
1535,"Daldrup-Link, Heike, E.",author_NA
1536,"Graziano, William G.",author_NA
1537," Habashi, Meara M.",author_NA
1538," Evangelou, Demetra",author_NA
1539," Ngambeki, Ida",author_NA
1540," Kanny, Allison M.",author_NA
1541," Riggers-Piehl, Tiffani A.",author_NA
1542," Whang, Hannah",author_NA
1543," Paulson, Laura N.",author_NA
1544," Samuelson, Cate C.",author_NA
1545,"Olitsky, Neal H.",author_NA
1546,"Perna, Laura",author_NA
1547," Lundy-Wagner, Valerie",author_NA
1548," Drezner, Noah D.",author_NA
1549," Gasman, Marybeth",author_NA
1550," Yoon, Susan",author_NA
1551," Bose, Enakshi",author_NA
1552," Gary, Shannon",author_NA
1553,"Melguizo, Tatiana",author_NA
1554,"Szelényi, Katalin",author_NA
1555," Inkelas, Karen K.",author_NA
1556," Weintraub, Dayna S.",author_NA
1557," Hroch, Amber",author_NA
1558," Denson, Nida",author_NA
1559,"Cozzens, Susan E.",author_NA
1560,"Casad, Bettina J.",author_NA
1561," Petzel, Zachary W.",author_NA
1562," Ingalls, Emily A.",author_NA
1563," Westfall, Jacob",author_NA
1564," Judd, Charles",author_NA
1565,"Ehrlinger, Joyce",author_NA
1566," Plant, E. Ashby",author_NA
1567," Hartwig, Marissa K.",author_NA
1568," Vossen, Jordan J.",author_NA
1569," Columb, Corey J.",author_NA
1570," Brewer, Lauren E.",author_NA
1571," Moore, Chelsea",author_NA
1572," Sanzari, Christina",author_NA
1573," Caluori, Nava",author_NA
1574," Rabasco, Helena",author_NA
1575,"Stout, Jane",author_NA
1576," Grunberg, Victoria",author_NA
1577," Ito, Tiffany",author_NA
1578,"Barth, Joan M.",author_NA
1579," Kim, Hwaheun",author_NA
1580," Eno, Cassie A.",author_NA
1581," Guadagno, Rossanna E.",author_NA
1582,"Watt, Hellen M. G.",author_NA
1583," Hyde, Janet S.",author_NA
1584," Petersen, Jennifer",author_NA
1585," Morris, Zoe A.",author_NA
1586," Rozek, Christopher S.",author_NA
1587," Harackiewicz, Judith M.",author_NA
1588,"Shaffer, Emily S.",author_NA
1589," Marx, David M.",author_NA
1590," Prislin, Radmila",author_NA
1591,"Schuster, Carolin",author_NA
1592," Martiny, Sarah E.",author_NA
1593,"Lawson, Katie M.",author_NA
1594," Kooiman, Laura Y.",author_NA
1595," Kuchta, Olyvia",author_NA
1596,"Francis, Becky",author_NA
1597," Archer, Louise",author_NA
1598," DeWitt, Jen",author_NA
1599," MacLeod, Emily",author_NA
1600," Dunlap, Sarah",author_NA
1601," Chappetta, Kelsey",author_NA
1602,"Gunderson, Elizabeth A.",author_NA
1603," Ramirez, Gerardo",author_NA
1604," Levine, Susan C.",author_NA
1605," Beilock, Sian L.",author_NA
1606,"Shapiro, Jenessa R.",author_NA
1607," Williams, Amy M.",author_NA
1608,"Rosenthal, Lisa",author_NA
1609," Levy, Sheri Robin",author_NA
1610," Lobel, Marci",author_NA
1611," Plaut, Victoria C.",author_NA
1612," Handron, Caitlin",author_NA
1613," Hudson, Lauren",author_NA
1614,"Barth, Joan",author_NA
1615," Guadagno, Rosanna",author_NA
1616," Rice, Lindsay",author_NA
1617," Eno, Cassie",author_NA
1618," Minney, Jessy",author_NA
1619," White, Paul H.",author_NA
1620," Yamawaki, Niwako",author_NA
1621," Koishi, Hirofumi",author_NA
1622,"Smeding, Annique",author_NA
1623,"Kleist, Virginia",author_NA
1624,"Dilli, Selin",author_NA
1625," Westerhuis, Gerarda",author_NA
1626,"Ramsey, Laura R.",author_NA
1627," Betz, Diana E.",author_NA
1628,"Jones, Brett D.",author_NA
1629," Ruff, Chloe",author_NA
1630," Paretti, Marie C.",author_NA
1631," Villalobos, Guillermo J.",author_NA
1632," Gilbert, Patricia",author_NA
1633,"Jackson, Sarah",author_NA
1634," Hillard, Amy",author_NA
1635," Schneider, Tamera",author_NA
1636,"Beasley, Maya A.",author_NA
1637," Fischer, Mary J.",author_NA
1638,"Wright, Richard",author_NA
1639," Ellis, Mark",author_NA
1640," Townley, Matthew",author_NA
1641,"Dawley, David D.",author_NA
1642," Houck, Max M.",author_NA
1643," Gupta, Shannon",author_NA
1644,"Evans, Riley",author_NA
1645," Friedman, Jane",author_NA
1646," McGrath, Lynn",author_NA
1647," Myers, Perla",author_NA
1648," Ruiz, Amanda",author_NA
1649,"Soe, Louise",author_NA
1650," Yakura, Elaine K.",author_NA
1651,"Rincón, Blanca E.",author_NA
1652,"Jaeger, Audrey J.",author_NA
1653," Hudson, Tara D.",author_NA
1654," Pasque, Penny A.",author_NA
1655,"Szelenyi, Katalin",author_NA
1656," Bresonis, Kate",author_NA
1657," Mars, Matthew M.",author_NA
1658,"Shenouda, Christine K.",author_NA
1659," Danovitch, Judith H.",author_NA
1660,"Polkowska, Dominika",author_NA
1661,"Weber, Christina D.",author_NA
1662," Hodge, Angie",author_NA
1663,"May, Ann Mari.",author_NA
1664," McGarvey, Mary G.",author_NA
1665,"Davidson, Travis W.",author_NA
1666,"Wu, Lillian",author_NA
1667," Jing, Wei",author_NA
1668,"Taylor, Kay Ann",author_NA
1669," Robinson, Daniel C.",author_NA
1670,"McCarthy, Raymond R.",author_NA
1671," Berger, Joseph",author_NA
1672,"Zippel, Katherin",author_NA
1673," Ferree, Myra M.",author_NA
1674,"Saucerman, Jennifer",author_NA
1675," Vasquez, Kris",author_NA
1676,"MacPhee, David",author_NA
1677," Farro, Samantha",author_NA
1678," Canetto, Silvia S.",author_NA
1679," Laemmle, Lena",author_NA
1680," Obergriesser, Stefanie",author_NA
1681," Heilemann, Michael",author_NA
1682,"Mountz, Alison",author_NA
1683," Carroll, Ashley N.",author_NA
1684," Carpenter, Jenna P.",author_NA
1685,"Moakler, Jr, Martin W.",author_NA
1686," Kim, Mikyong M.",author_NA
1687,"Byars-Winston, Angela",author_NA
1688,"Morganson, Valerie J.",author_NA
1689," Jones, Meghan P.",author_NA
1690," Major, Debra A.",author_NA
1691," Streets, Valerie N.",author_NA
1692," Litano, Michael L.",author_NA
1693," Myers, Dante P.",author_NA
1694,"Myers, Dante P.",author_NA
1695,"Rossiter, Margaret W.",author_NA
1696,"Hughes, Cayce C.",author_NA
1697," Schilt, Kristen",author_NA
1698," Gorman, Bridget K.",author_NA
1699," Bratter, Jenifer L.",author_NA
1700,"Claw, Katrina",author_NA
1701," Chen, Ling-Ling",author_NA
1702," Ramachandran, Sohini",author_NA
1703,"Luong, Kate T.",author_NA
1704," Knobloch-Westerwick, Silvia",author_NA
1705,"Lockhart, Cathy",author_NA
1706," Miller, Evonne",author_NA
1707," Eastwick, Paul W.",author_NA
1708,"Shin, Jiyun E. L.",author_NA
1709," Levy, Sheri R.",author_NA
1710,"London, Bonita",author_NA
1711," Gonzalez, Angel",author_NA
1712,"Syed, Moin",author_NA
1713,"Blake-Beard, Stacy",author_NA
1714," Bayne, Melissa L.",author_NA
1715," Muller, Carol B.",author_NA
1716,"Bauer, Nichole M.",author_NA
1717,"McNeely, Connie L.",author_NA
1718," Vlaicu, Sorina",author_NA
1719,"Walters, Julie",author_NA
1720," McNeely, Connie L.",author_NA
1721,"Hopewell, Lindsey",author_NA
1722," Kuiler, Erik W.",author_NA
1723," Hahm, Jong-on",author_NA
1724," Weisgram, Erica S.",author_NA
1725,"Hsu, Ying-Shao",author_NA
1726," Lin, Yuan-Hsiang",author_NA
1727," Yang, Beender",author_NA
1728," Hyman, Jaquieline",author_NA
1729," Zounlome, Nelson O.O.",author_NA
1730,AIP Conference Proceedings,NA_publication
1731,Journal of Case Studies in Accreditation and Assessment,NA_publication
1732,173rd Meeting of Acoustical Society of America,NA_publication
1733,Journal of Research in Gender Studies,NA_publication
1734,Scientometrics,NA_publication
1735,Journal of Agricultural Education,NA_publication
1736,Science,NA_publication
1737,Academe,NA_publication
1738,Journal of chemical education,NA_publication
1739,"Proceedings - 2016 International Conference on Computational Science and Computational Intelligence, CSCI 2016",NA_publication
1740,American Economic Review,NA_publication
1741,Bulletin of the American Meteorological Society,NA_publication
1742,Physical Review Physics Education Research,NA_publication
1743,Advances in Physiology Education,NA_publication
1744,Cultural diversity & ethnic minority psychology,NA_publication
1745,Developmental psychology,NA_publication
1746,Journal of Applied Psychology,NA_publication
1747,Journal of Counseling Psychology,NA_publication
1748,Journal of Diversity in Higher Education,NA_publication
1749,Journal of educational psychology,NA_publication
1750,Journal of Experimental Psychology: Applied,NA_publication
1751,Journal of personality and social psychology,NA_publication
1752,Psychological bulletin,NA_publication
1753,CBE Life Sciences Education,NA_publication
1754,Cell Biology Education,NA_publication
1755,Horttechnology,NA_publication
1756,Photogrammetric Engineering & Remote Sensing,NA_publication
1757,Agronomy Journal,NA_publication
1758,Leadership & Management in Engineering,NA_publication
1759,American Society for Engineering Education,NA_publication
1760,"ASEE Annual Conference and Exposition, Conference Proceedings",NA_publication
1761,Proceedings of the ASEE Annual Conference & Exposition,NA_publication
1762,Journal of the American Veterinary Medical Association,NA_publication
1763,Annual Review of Sociology,NA_publication
1764,Techniques,NA_publication
1765,ACM Conference on Innovation and Technology in Computer Science Education,NA_publication
1766,ACM International Conference on Measurement and Modeling of Computer Systems,NA_publication
1767,ACM Transactions on Computing Education,NA_publication
1768,ACS Medicinal Chemistry Letters,NA_publication
1769,Journal of Education for Library and Information Science,NA_publication
1770,Peer Review,NA_publication
1771,Peer review,NA_publication
1772,Academic Medicine,NA_publication
1773,Australian Quarterly,NA_publication
1774,Journal of Women and Minorities in Science and Engineering,NA_publication
1775,BMC Public Health,NA_publication
1776,Industrial and Organizational Psychology,NA_publication
1777,Cell Stem Cell,NA_publication
1778,Chronicle of Higher Education,NA_publication
1779,American Journal of Engineering Education,NA_publication
1780,Contemporary Issues in Education Research,NA_publication
1781,International Journal of Science in Society,NA_publication
1782,Council on Undergraduate Research Quarterly,NA_publication
1783,7th IEEE GCC Conference and Exhibition (GCC),NA_publication
1784,International Journal of Engineering Education,NA_publication
1785,Teachers College Record,NA_publication
1786,Advances in Radiation Oncology,NA_publication
1787,Clinical Imaging,NA_publication
1788,Computers & Education,NA_publication
1789,Computers in Human Behavior,NA_publication
1790,Contemporary Educational Psychology,NA_publication
1791,Developmental Review,NA_publication
1792,Economics Letters,NA_publication
1793,Economics of Education Review,NA_publication
1794,International Journal of Educational Development,NA_publication
1795,Journal of Academic Librarianship,NA_publication
1796,Journal of Applied Developmental Psychology,NA_publication
1797,Journal of Business Research,NA_publication
1798,Journal of Contextual Behavioral Science,NA_publication
1799,Journal of Economic Behavior & Organization,NA_publication
1800,Journal of Economic Psychology,NA_publication
1801,Journal of experimental child psychology,NA_publication
1802,Journal of experimental social psychology,NA_publication
1803,Journal of vocational behavior,NA_publication
1804,Journal of Vocational Behavior,NA_publication
1805,Labour Economics,NA_publication
1806,Leadership Quarterly,NA_publication
1807,Learning and Individual Differences,NA_publication
1808,Library & Information Science Research,NA_publication
1809,Procedia - Social and Behavioral Sciences,NA_publication
1810,Procedia Economics and Finance,NA_publication
1811,Research in Social Stratification and Mobility,NA_publication
1812,Research Policy,NA_publication
1813,Role of Gender in Educational Contexts and Outcomes,NA_publication
1814,Scientia Horticulturae,NA_publication
1815,Social Science Journal,NA_publication
1816,Social science research,NA_publication
1817,Advances in Gender Research,NA_publication
1818,Career Development International,NA_publication
1819,Gender in Management,NA_publication
1820,International Journal of Mentoring and Coaching in Education,NA_publication
1821,Journal for Multicultural Education,NA_publication
1822,New Library World,NA_publication
1823,Reference Services Review,NA_publication
1824,Learning Communities: Research & Practice,NA_publication
1825,Forum on Public Policy Online,NA_publication
1826,Frontiers in Psychology,NA_publication
1827,Frontiers in psychology,NA_publication
1828,Harvard Educational Review,NA_publication
1829,Hispanic Outlook in Higher Education Magazine,NA_publication
1830,Journal of Negro Education,NA_publication
1831,The Journal of Negro Education,NA_publication
1832,International Journal of Information and Communication Technology Education (IJICTE),NA_publication
1833,Computer,NA_publication
1834,Current science,NA_publication
1835,International Journal of Doctoral Studies,NA_publication
1836,Journal of STEM Education : Innovations and Research,NA_publication
1837,"2007 37th Annual Frontiers In Education Conference - Global Engineering: Knowledge Without Borders, Opportunities Without Passports",NA_publication
1838,2014 IEEE Frontiers in Education Conference (FIE) Proceedings,NA_publication
1839,2017 IEEE Women in Engineering (WIE) Forum USA East,NA_publication
1840,IEEE Instrumentation and Measurement Magazine,NA_publication
1841,IEEE Robotics and Automation Magazine,NA_publication
1842,IEEE Technology & Society Magazine,NA_publication
1843,Proceedings of the 7th IEEE Integrated STEM Education Conference,NA_publication
1844,Physics World,NA_publication
1845,TCE: The Chemical Engineer,NA_publication
1846,Psychology of Mathematics & Education of North America,NA_publication
1847,Communications of the Association for Information Systems,NA_publication
1848,Technology and Engineering Teacher,NA_publication
1849,Journal of Medical Internet Research,NA_publication
1850,American Journal of Physical Anthropology,NA_publication
1851,Employment relations today,NA_publication
1852,Journal of Leadership Studies,NA_publication
1853,Journal of Research in Science Teaching,NA_publication
1854,Science Education,NA_publication
1855,Journal of the American Society for Information Science and Technology,NA_publication
1856,School Science and Mathematics,NA_publication
1857,Science & Education,NA_publication
1858,Women in Higher Education,NA_publication
1859,New Directions for Community Colleges,NA_publication
1860,New Directions for Higher Education,NA_publication
1861,New Directions for Institutional Research,NA_publication
1862,New Directions for Student Services,NA_publication
1863,Journal of Counseling and Development,NA_publication
1864,Journal of Engineering Education,NA_publication
1865,Insights on Learning Disabilities,NA_publication
1866,International Journal of Environmental Research and Public Health,NA_publication
1867,Social Sciences,NA_publication
1868,Mammal Study,NA_publication
1869,Journal of Womens Health,NA_publication
1870,Journal of Women's Health,NA_publication
1871,Demographic Research,NA_publication
1872,Proceedings of the National Academy of Sciences of the United States of America,NA_publication
1873,NACTA Journal; Twin Falls,NA_publication
1874,Journal of College Science Teaching,NA_publication
1875,Nature Human Behaviour,NA_publication
1876,Qualitative Report,NA_publication
1877,Ohio Journal of Science,NA_publication
1878,International Journal of Evidence Based Coaching & Mentoring,NA_publication
1879,BioScience,NA_publication
1880,Bioscience,NA_publication
1881,European Sociological Review,NA_publication
1882,FEMS microbiology letters,NA_publication
1883,Psychology,NA_publication
1884,Quarterly Journal of Economics,NA_publication
1885,Science & Public Policy,NA_publication
1886,Social Cognitive and Affective Neuroscience,NA_publication
1887,Social Forces,NA_publication
1888,American Journal of Cultural Sociology,NA_publication
1889,Latino Studies,NA_publication
1890,Early Childhood Research Quarterly,NA_publication
1891,College Student Journal,NA_publication
1892,Applied Developmental Science,NA_publication
1893,Basic & Applied Social Psychology,NA_publication
1894,Psychological Inquiry,NA_publication
1895,PLoS Biology,NA_publication
1896,Plos Biology,NA_publication
1897,PLoS Computational Biology,NA_publication
1898,PLoS ONE,NA_publication
1899,Chemistry Education Research and Practice,NA_publication
1900,Change,NA_publication
1901,Chinese Sociological Review,NA_publication
1902,Cognition and Instruction,NA_publication
1903,Community College Journal of Research & Practice,NA_publication
1904,"Community, Work & Family",NA_publication
1905,Computer Science Education,NA_publication
1906,Educational Psychologist,NA_publication
1907,Educational Psychology,NA_publication
1908,Educational Studies,NA_publication
1909,Engineering Studies,NA_publication
1910,Ethnic and Racial Studies,NA_publication
1911,Gender & Education,NA_publication
1912,Gender and Education,NA_publication
1913,Interdisciplinary Science Reviews,NA_publication
1914,International Journal of Qualitative Studies in Education,NA_publication
1915,International Journal of Science Education,NA_publication
1916,Journal of Education & Work,NA_publication
1917,Journal of Educational Research,NA_publication
1918,Journal of Feminist Family Therapy,NA_publication
1919,Journal of Higher Education,NA_publication
1920,Journal of Latinos & Education,NA_publication
1921,Journal of Organisational Transformation and Social Change,NA_publication
1922,Journal of the Learning Sciences,NA_publication
1923,NASPA Journal About Women in Higher Education,NA_publication
1924,Politics Groups and Identities,NA_publication
1925,Public Services Quarterly,NA_publication
1926,Science & Technology Libraries,NA_publication
1927,Sociological Focus,NA_publication
1928,Studies in Higher Education,NA_publication
1929,Theory Into Practice,NA_publication
1930,Rural Sociology,NA_publication
1931,American Behavioral Scientist,NA_publication
1932,American Educational Research Journal,NA_publication
1933,American Sociological Review,NA_publication
1934,Annals of the American Academy of Political and Social Science,NA_publication
1935,Community College Review,NA_publication
1936,Educational Researcher,NA_publication
1937,Emerging Adulthood,NA_publication
1938,Gender & Society,NA_publication
1939,Gifted Child Quarterly,NA_publication
1940,Group Processes & Intergroup Relations,NA_publication
1941,Group Processes and Intergroup Relations,NA_publication
1942,International Journal of Behavioral Development,NA_publication
1943,International Migration Review,NA_publication
1944,Journal for the Education of the Gifted,NA_publication
1945,Journal of Career Assessment,NA_publication
1946,Journal of Career Development,NA_publication
1947,"Journal of College Student Retention: Research, Theory and Practice",NA_publication
1948,Journal of College Student Retention-Research Theory & Practice,NA_publication
1949,Journal of Psychoeducational Assessment,NA_publication
1950,Management Communication Quarterly,NA_publication
1951,Measurement and Evaluation in Counseling and Development,NA_publication
1952,Personality and Social Psychology Bulletin,NA_publication
1953,Personality and Social Psychology Review,NA_publication
1954,Perspectives on Psychological Science,NA_publication
1955,Psychological Science,NA_publication
1956,Psychological science,NA_publication
1957,Psychological Science in the Public Interest,NA_publication
1958,Psychology of Women Quarterly,NA_publication
1959,Review of Educational Research,NA_publication
1960,Review of Research in Education,NA_publication
1961,Science Communication,NA_publication
1962,Science Technology and Human Values,NA_publication
1963,Social Currents,NA_publication
1964,Social Psychological and Personality Science,NA_publication
1965,Social psychology quarterly,NA_publication
1966,Social Studies of Science,NA_publication
1967,Sociological Perspectives,NA_publication
1968,Sociological Research Online,NA_publication
1969,Urban Education,NA_publication
1970,Work and Occupations,NA_publication
1971,Civil Engineering,NA_publication
1972,Community College Enterprise,NA_publication
1973,Journal of Baltic Science Education,NA_publication
1974,JCOM: Journal of Science Communication,NA_publication
1975,Sociological Science,NA_publication
1976,SMPTE Motion Imaging Journal,NA_publication
1977,Journal of Research Administration,NA_publication
1978,Journal of Soil and Water Conservation,NA_publication
1979,Soil Science Society of America Journal,NA_publication
1980,Palgrave Communications,NA_publication
1981,Cultural Studies of Science Education,NA_publication
1982,Innovative Higher Education,NA_publication
1983,Journal of Economics and Finance,NA_publication
1984,AIDS and Behavior,NA_publication
1985,Annals of Biomedical Engineering,NA_publication
1986,Educational Psychology Review,NA_publication
1987,Empirical Research in Vocational Education and Training,NA_publication
1988,Experimental Economics,NA_publication
1989,Gender Issues,NA_publication
1990,Higher Education,NA_publication
1991,International Journal of Science and Mathematics Education,NA_publication
1992,International Journal of STEM Education,NA_publication
1993,International Journal of Technology and Design Education,NA_publication
1994,Journal of Autism and Developmental Disorders,NA_publication
1995,Journal of Science Education and Technology,NA_publication
1996,Journal of Technology Transfer,NA_publication
1997,Journal of the American Society for Mass Spectrometry,NA_publication
1998,Molecular Imaging and Biology,NA_publication
1999,Motivation and Emotion,NA_publication
2000,Research in Higher Education,NA_publication
2001,Science and Engineering Ethics,NA_publication
2002,Sex Roles,NA_publication
2003,Small Business Economics,NA_publication
2004,Social Psychology of Education,NA_publication
2005,Economic Geography,NA_publication
2006,Forensic Science Policy & Management: An International Journal,NA_publication
2007,PRIMUS,NA_publication
2008,Women's Studies,NA_publication
2009,Journal of College Student Development,NA_publication
2010,Review of Higher Education,NA_publication
2011,International Review of Social Psychology,NA_publication
2012,Journal of technology management & innovation,NA_publication
2013,International Review of Qualitative Research,NA_publication
2014,Review of Regional Studies,NA_publication
2015,University of Ottawa Journal of Medicine,NA_publication
2016,Issues in Science & Technology,NA_publication
2017,Journal of Veterinary Medical Education,NA_publication
2018,Journal of Technology Education,NA_publication
2019,"Gender, Work and Organization",NA_publication
2020,Adultspan Journal,NA_publication
2021,Analyses of Social Issues and Public Policy,NA_publication
2022,Annals of the New York Academy of Sciences,NA_publication
2023,Canadian Geographer / Le Géographe canadien,NA_publication
2024,Career Development Quarterly,NA_publication
2025,Centaurus,NA_publication
2026,Genome biology,NA_publication
2027,Human Communication Research,NA_publication
2028,International Journal of Art & Design Education,NA_publication
2029,Journal of Applied Social Psychology,NA_publication
2030,Journal of Social Issues,NA_publication
2031,Political Psychology,NA_publication
2032,Review of Policy Research,NA_publication
2033,Social Issues and Policy Review,NA_publication
2034,Social Science Quarterly,NA_publication
2035,Research and Practice in Technology Enhanced Learning,NA_publication
