id,label,gender,type
1,"Hurst, A.",,author
2,"Hallar, A. Gannet",,author
3,"Drake, Abby Grace",,author
4,"Asangba, Abigail",female,author
5,"Stewart, Abigail",female,author
6,"Maltese, Adam",male,author
7,"Magerman, Adam",male,author
8,"Kirn, Adam",male,author
9,"Moscatelli, Adriana",female,author
10,"Redmond-Sanogo, Adrienne",female,author
11,"Nishina, Adrienne",female,author
12,"Loyd, Aerika",,author
13,"Mahajan, Agrima",,author
14,"Purnamasari, Agustina",female,author
15,"Lee, Ahlam",female,author
16,"Aliyeva, Aida",female,author
17,"Belanger, Aimee",female,author
18,"Cloutier, Aimee",female,author
19,"Miyake, Akira",female,author
20,"Erickson, Alan",male,author
21,"Platt, Alana",female,author
22,"Ziegler, Albert",male,author
23,"Carter, Alecia",female,author
24,"Zanin-Yost, Alessia",female,author
25,"McBratney, Alex",male,author
26,"Sharpe, Alexander",male,author
27,"Hebert, Alexander",male,author
28,"Dresden, Alexander",male,author
29,"Zale, Alexander",male,author
30,"Garr-Schultz, Alexandra",female,author
31,"Medina-Borja, Alexandra",female,author
32,"Novakovic, Alexandra",female,author
33,"Ardissone, Alexandria",female,author
34,"Hartemink, Alfred",male,author
35,"Ahmad, Ali",male,author
36,"Connors-Kellgren, Alice",female,author
37,"Pawley, Alice",female,author
38,"Eagly, Alice",female,author
39,"Scott, Alicia",female,author
40,"Bouris, Alida",female,author
41,"Wynn, Alison",female,author
42,"Mountz, Alison",female,author
43,"Crowe, Alison",female,author
44,"Blodorn, Alison",female,author
45,"Kanny, Allison",female,author
46,"Master, Allison",female,author
47,"Godwin, Allison",female,author
48,"Young, Allison",female,author
49,"Mann, Allison",female,author
50,"Webster-Giddings, Allison",female,author
51,"Flowers III, Alonzo",male,author
52,"Flowers, Alonzo",male,author
53,"Hachey, Alyse",female,author
54,"Hall, Alysha",female,author
55,"Wilson, Alyson",female,author
56,"Croft, Alyssa",female,author
57,"Cho, Alyssa",female,author
58,"Alegria-Arzaburu, Amaia Ruiz de",,author
59,"Diekman, Amanda",female,author
60,"Johnston, Amanda",female,author
61,"Montoya, Amanda",female,author
62,"Ruiz, Amanda",female,author
63,"Adams, Amanda",female,author
64,"Griffith, Amanda",female,author
65,"Aragon, Amanda",female,author
66,"Pascale, Amanda",female,author
67,"Hroch, Amber",female,author
68,"Simpson, Amber",female,author
69,"Reece, Amber",female,author
70,"Villasenor, Amelia",female,author
71,"Villablanca, Amparo",female,author
72,"Williams, Amy",female,author
73,"Justice, Amy",female,author
74,"Hietapelto, Amy",female,author
75,"Dawson, Amy",female,author
76,"Hillard, Amy",female,author
77,"Bergerson, Amy",female,author
78,"Graves, Amy",female,author
79,"Vila-Concejo, Ana",female,author
80,"Gonzalez Ramos, Ana",female,author
81,"Kulkarni, Anagha",female,author
82,"Desai, Anand",male,author
83,"Keck, Andrea",female,author
84,"Rommel, Andrea",female,author
85,"Walsh, Andrea",female,author
86,"Gomoll, Andrea",female,author
87,"Taylor, Andrea",female,author
88,"Frei, Andrea Keck",,author
89,"Cimpian, Andrei",male,author
90,"Meltzoff, Andrew",male,author
91,"Penner, Andrew",male,author
92,"Hickok, Andrew",male,author
93,"Molenda, Aneta",female,author
94,"Gonzalez, Angel",male,author
95,"Ingraham, Angela",female,author
96,"Kelly, Angela",female,author
97,"Byars-Winston, Angela",female,author
98,"Carbone, Angela",female,author
99,"Hodge, Angie",female,author
100,"Pahwa, Anil",male,author
101,"Patrick, Anita",female,author
102,"Woolley, Anita",female,author
103,"Burnett, Ann",female,author
104,"Kim, Ann",female,author
105,"Beutel, Ann",female,author
106,"Bloor, Ann",female,author
107,"Austin, Ann",female,author
108,"May, Ann Mari.",,author
109,"Krieg, Anna",female,author
110,"Young, Anna",female,author
111,"Woodcock, Anna",female,author
112,"Conti, Annamaria",female,author
113,"Lincoln, Anne",female,author
114,"Kato, Anne",female,author
115,"Preston, Anne",female,author
116,"Rinn, Anne",female,author
117,"Mills, Anne",female,author
118,"McDaniel, Anne",female,author
119,"Metz, Anneke",female,author
120,"Martin, Annette",female,author
121,"Smeding, Annique",,author
122,"Carpi, Anthony",male,author
123,"Yamanaka, Aoi",female,author
124,"Hodari, Apriel",,author
125,"Ortiz, Araceli",female,author
126,"Martinez Ortiz, Araceli",female,author
127,"Young, Ariana",female,author
128,"Vasquez, Ariana",female,author
129,"Bejerano, Arleen",female,author
130,"Senas, Arleen",female,author
131,"Khan, Arshia",female,author
132,"Agloro, Ashley",female,author
133,"Carroll, Ashley",female,author
134,"Wagner, Ashley",female,author
135,"D'Inverno, Ashley",female,author
136,"Higgins, Ashley",female,author
137,"Morse, Audra",female,author
138,"June, Audrey",female,author
139,"Jaeger, Audrey",female,author
140,"Kollasch, Aurelia",female,author
141,"Pickup, Austin",male,author
142,"Ahmed, Awad",male,author
143,"Scheim, Ayden",male,author
144,"Khan, Ayesha",female,author
145,"Borden, B. Ann",,author
146,"Fosdick, Bailey",female,author
147,"Natarajan, Balasubramaniam",,author
148,"King, Barbara",female,author
149,"Schneider, Barbara",female,author
150,"Kerr, Barbara",female,author
151,"Means, Barbara",female,author
152,"Grosz, Barbara",female,author
153,"Salmon, Barrington",male,author
154,"Bozeman, Barry",male,author
155,"Francis, Becky",female,author
156,"Packard, Becky",female,author
157,"Yang, Beender",,author
158,"Aeschlimann, Belinda",female,author
159,"Drury, Benjamin",male,author
160,"Wiggins, Benjamin",male,author
161,"Nagengast, Benjamin",male,author
162,"Park, Bernadette",female,author
163,"Ertl, Bernhard",,author
164,"Purcell, Bernice",female,author
165,"Cunningham, Beth",female,author
166,"Schachter, Beth",female,author
167,"Casad, Betina",,author
168,"Myers, Betsy",female,author
169,"Casad, Bettina",female,author
170,"Watford, Bevlee",,author
171,"Bernstein, Bianca",female,author
172,"Karacora, Bilge",,author
173,"Rincon, Blanca",female,author
174,"London, Bonita",female,author
175,"Oppenheimer, Bonnie",female,author
176,"Richley, Bonnie",female,author
177,"Eledge, Bradley",male,author
178,"Geisinger, Brandi",female,author
179,"Dupont, Brandon",male,author
180,"Hill, Brandon",male,author
181,"Capobianco, Brenda",female,author
182,"Brand, Brenda",female,author
183,"Jones, Brett",male,author
184,"Nachman, Brett",male,author
185,"Cash, Brian",male,author
186,"Rubineau, Brian",male,author
187,"Nosek, Brian",male,author
188,"Flammang, Brian",male,author
189,"Timmerman, Briana",female,author
190,"Struthers, Brice",male,author
191,"Gorman, Bridget",female,author
192,"Miller, Bridget",female,author
193,"Bloodhart, Brittany",female,author
194,"Killion, Brooke",female,author
195,"Dresden, Brooke",female,author
196,"Jones, Bryan",male,author
197,"Minasny, Budiman",,author
198,"Price, C. Aaron",,author
199,"Ozaki, C. Casey",,author
200,"Handron, Caitlin",female,author
201,"Anicha, Cali",female,author
202,"Sublett, Cameron",male,author
203,"Fabiyi, Camille",female,author
204,"Bilen-Green, Canan",male,author
205,"Margherio, Cara",female,author
206,"Guest, Carly",female,author
207,"Astorne-Figari, Carmen",female,author
208,"Domingo, Carmen",female,author
209,"Maldonado, Carmen",female,author
210,"Rodriguez, Carmen",female,author
211,"Feghali-Bostwick, Carol",female,author
212,"Newall, Carol",female,author
213,"Marchetti, Carol",female,author
214,"Wright, Carol",female,author
215,"Colatrella, Carol",female,author
216,"Muller, Carol",female,author
217,"Schuster, Carolin",,author
218,"Milesi, Carolina",female,author
219,"Pola, Carolina",female,author
220,"Parker, Caroline",female,author
221,"Roughneen, Caroline",female,author
222,"Seron, Caroll",,author
223,"Matheus, Carolyn",female,author
224,"Stephens, Carrie",female,author
225,"Allen, Carrie",female,author
226,"Seron, Carroll",male,author
227,"Block, Caryn",female,author
228,"George-Jackson, Casey",male,author
229,"George, Casey",male,author
230,"Shapiro, Casey",male,author
231,"Degen, Cassandra",female,author
232,"Eno, Cassie",female,author
233,"Rowen, Cate",female,author
234,"Samuelson, Cate",female,author
235,"Scoglio, Caterina",female,author
236,"Riegle-Crumb, Catherine",female,author
237,"Mavriplis, Catherine",female,author
238,"Brawner, Catherine",female,author
239,"Dulac, Catherine",female,author
240,"Harnois, Catherine",female,author
241,"van Tuijl, Cathy",female,author
242,"Lockhart, Cathy",female,author
243,"Figuereido, Catia",female,author
244,"Hughes, Cayce",male,author
245,"Forbes, Chad",male,author
246,"Muller, Chandra",female,author
247,"Poondej, Chanut",,author
248,"Baird, Chardie",,author
249,"Judd, Charles",male,author
250,"Calderwood, Charles",male,author
251,"Cramer, Charlotte",female,author
252,"Stoop, Chatanika",,author
253,"Moore, Chelsea",female,author
254,"Kondrak, Cheryl",female,author
255,"Leggon, Cheryl",female,author
256,"Patel, Chirag",male,author
257,"Ruff, Chloe",female,author
258,"Lewis, Chris",male,author
259,"Rasmussen, Chris",male,author
260,"Kappler, Christa",female,author
261,"Kern, Christel",female,author
262,"McGeorge, Christi",female,author
263,"Schunn, Christian",male,author
264,"Moyer, Christina",female,author
265,"Outlay, Christina",female,author
266,"Morton, Christina",female,author
267,"Dyar, Christina",female,author
268,"Torres-Rouff, Christina",female,author
269,"Chapman, Christina",female,author
270,"Melki, Christina",female,author
271,"Weber, Christina",female,author
272,"Sanzari, Christina",female,author
273,"Starr, Christine",female,author
274,"Mattley, Christine",female,author
275,"Logel, Christine",female,author
276,"O'Donnell, Christine",female,author
277,"Shenouda, Christine",female,author
278,"Mummery, Christine",female,author
279,"Buschor, Christine",female,author
280,"Brooks, Christopher",male,author
281,"Runyon, Christopher",male,author
282,"Hovey, Christopher",male,author
283,"Wegemer, Christopher",male,author
284,"Stripling, Christopher",male,author
285,"Rozek, Christopher",male,author
286,"Glass, Christy",female,author
287,"Demetry, Chrysanthe",,author
288,"Meadowbrooke, Chrysta",,author
289,"Heeren, Cinda",,author
290,"Hmelo-Silver, Cindy",female,author
291,"DeBlaere, Cirleen",,author
292,"Ballen, Cissy",,author
293,"Wladis, Claire",female,author
294,"Pomeroy, Claire",female,author
295,"Wilson, Claire",female,author
296,"Robbins, Claire",female,author
297,"Richardson, Clarissa",female,author
298,"Rankins, Claudia",female,author
299,"Cooperman, Claudia",female,author
300,"Herman, Clem",male,author
301,"Carrigan, Coleen",female,author
302,"Ganley, Colleen",female,author
303,"Ruud, Collin",male,author
304,"Mineo, Concetta",female,author
305,"McNeely, Connie",female,author
306,"Columb, Corey",male,author
307,"Bargmann, Cori",female,author
308,"Moss-Racusin, Corinne",female,author
309,"Boushel, Corra",female,author
310,"Moss-Racusin, Corrinne",female,author
311,"Bahrim, Cristian",male,author
312,"Lopez, Cristina",female,author
313,"Martin, Cristopher",male,author
314,"Hoyt, Crystal",female,author
315,"Deville, Curtiland",,author
316,"Martin, Cynthia",female,author
317,"Young, Cynthia",female,author
318,"Ricard, Cynthia",female,author
319,"Anderson, Cynthia",female,author
320,"Furse, Cynthia",female,author
321,"Stanich, Cynthia",female,author
322,"Winston-Proctor, Cynthia",female,author
323,"Raman, D. Raj",,author
324,"Gelbgiser, Dafna",female,author
325,"Martinez, Dalinda",female,author
326,"Chen, Dandan",,author
327,"Robinson, Daniel",male,author
328,"Grunspan, Daniel",male,author
329,"Glaser, Daniela",female,author
330,"Ramo, Danielle",female,author
331,"Bitterman, Danielle",female,author
332,"Abraham, Danielle",female,author
333,"Morales, Danielle",female,author
334,"Oyler, Danielle",female,author
335,"Myers, Dante",male,author
336,"Ireland, Danyelle",female,author
337,"Pedersen, Daphne",female,author
338,"Ronan, Darcy",female,author
339,"Smith, Daryl",male,author
340,"Miller, David",male,author
341,"Koonce, David",male,author
342,"Dawley, David",male,author
343,"Lindbo, David",male,author
344,"Ober, David",male,author
345,"Marx, David",male,author
346,"Kniola, David",male,author
347,"Bristol, David",male,author
348,"MacPhee, David",male,author
349,"Reed, David",male,author
350,"Renz, David",male,author
351,"Geary, David",male,author
352,"Blustein, David",male,author
353,"Berg, David",male,author
354,"Weindorf, David",male,author
355,"Johnson, Dawn",female,author
356,"Wendell, Dawn",female,author
357,"Weintraub, Dayna",female,author
358,"Chakraborty, Debolina",,author
359,"Olsen, Deborah",female,author
360,"Ward, Deborah",female,author
361,"O'Bannon, Deborah",female,author
362,"Major, Debra",female,author
363,"Easterly, Debra",female,author
364,"Wassenberg, Deena",female,author
365,"Sharma, Deepika",female,author
366,"Crawford, Delois",,author
367,"Crawford, DeLois",,author
368,"Rice, Delores",female,author
369,"Evangelou, Demetra",female,author
370,"Dortch, Deniece",,author
371,"Wilson, Denise",female,author
372,"Sekaquaptewa, Denise",female,author
373,"Epple, Dennis",male,author
374,"DeBay, Dennis",male,author
375,"Reidy, Dennis",male,author
376,"Leung, Desmond",male,author
377,"Tierney, Destiny",female,author
378,"Betz, Diana",female,author
379,"Bilimoria, Diana",female,author
380,"Halpern, Diane",female,author
381,"Rowland, Diane",female,author
382,"Lukas, Dieter",male,author
383,"Sarathchandra, Dilshani",,author
384,"Jackson, Dimitra",female,author
385,"Verdin, Dina",female,author
386,"Tumin, Dmitry",male,author
387,"Prime, Dominic",male,author
388,"Polkowska, Dominika",female,author
389,"Davis, Don",male,author
390,"Gruenbacher, Don",male,author
391,"Whalen, Donald",male,author
392,"Ginther, Donna",female,author
393,"Sayman, Donna",female,author
394,"Garcia, Donna",female,author
395,"Huryn, Donna",female,author
396,"Reese, Donna",female,author
397,"Milgram, Donna",female,author
398,"Aveni, Doreen",female,author
399,"Anderson, Drake",male,author
400,"Thoman, Dustin",male,author
401,"Plant, E. Ashby",,author
402,"Iskander, E. Tiffany",,author
403,"McGee, Ebony",female,author
404,"Comeaux, Eddie",male,author
405,"Lemon, Edmond",male,author
406,"Venator, Edmond",male,author
407,"Freeland, Edward",male,author
408,"Kokkelenberg, Edward",male,author
409,"Wille, Eike",,author
410,"Zurbriggen, Eileen",female,author
411,"Parsons, Eileen",female,author
412,"Scott, Elaine",female,author
413,"Fuchs, Elaine",female,author
414,"Yakura, Elaine",female,author
415,"Godfrey, Elaine",female,author
416,"Makarova, Elena",female,author
417,"Stearns, Elizabeth",female,author
418,"Blair, Elizabeth",female,author
419,"Brown, Elizabeth",female,author
420,"Kersey, Elizabeth",female,author
421,"Kiebel, Elizabeth",female,author
422,"Litzler, Elizabeth",female,author
423,"Shanahan, Elizabeth",female,author
424,"Paluck, Elizabeth",female,author
425,"Dell, Elizabeth",female,author
426,"Adamowicz, Elizabeth",female,author
427,"Gunderson, Elizabeth",female,author
428,"Quinn, Elizabeth",female,author
429,"Corley, Elizabeth",female,author
430,"Roskes, Ellen",female,author
431,"Van Oosten, Ellen",female,author
432,"Walker, Ellen",female,author
433,"Theobald, Elli",female,author
434,"Hammer, Elliott",male,author
435,"Ruiz, Elsa",female,author
436,"Guisado-Pintado, Emilia",female,author
437,"Clark, Emily",female,author
438,"Middleton, Emily",female,author
439,"Agbenyega, Emily",female,author
440,"Ingalls, Emily",female,author
441,"Webb, Emily",female,author
442,"Shaffer, Emily",female,author
443,"Fischer, Emily",female,author
444,"MacLeod, Emily",female,author
445,"Griffith, Emily",female,author
446,"Miller, Emily",female,author
447,"Coyle, Emily",female,author
448,"Goldman, Emily",female,author
449,"Aitkin, Emma",female,author
450,"Holliday, Emma",female,author
451,"Szathmary, Emoke",,author
452,"Bose, Enakshi",,author
453,"Brevik, Eric",male,author
454,"Deemer, Eric",male,author
455,"Triplett, Eric",male,author
456,"Grodsky, Eric",male,author
457,"Greenwald, Eric",male,author
458,"Winterer, Erica",female,author
459,"Walker, Erica",female,author
460,"Lynn, Erica",female,author
461,"Weisgram, Erica",female,author
462,"Kuiler, Erik",male,author
463,"Hall, Erika",female,author
464,"Weisgram, Erika",female,author
465,"McClellan, Erika",female,author
466,"Patall, Erika",female,author
467,"Grogan, Erin",female,author
468,"Hennes, Erin",female,author
469,"Cech, Erin",female,author
470,"Welch, Erin",female,author
471,"McPherson, Erin",female,author
472,"Dolan, Erin",female,author
473,"Hardin, Erin",female,author
474,"Chambers, Erin",female,author
475,"Sullivan, Erin",female,author
476,"Horvat, Erin",female,author
477,"Reilly, Erin",female,author
478,"Williams-Hatala, Erin",female,author
479,"Vogel, Erin",female,author
480,"Davenport Jr, Ernest",male,author
481,"Afari, Ernest",male,author
482,"Reuben, Ernesto",male,author
483,"Sinha, Esha",female,author
484,"Hoshino-Browne, Etsuko",,author
485,"Caplliure, Eva-Maria",,author
486,"Davis, Evan",male,author
487,"Pietri, Evava",,author
488,"Riskin, Eve",female,author
489,"Shishkova, Evgenia",female,author
490,"Miller, Evonne",female,author
491,"Saclarides, Evthokia",,author
492,"McPherson, Ezella",,author
493,"Ozgumus, Ezgi",,author
494,"Visentin, Fabiana",female,author
495,"Backus, Faedra",,author
496,"Kares, Faith",female,author
497,"Rankins, Falcon",male,author
498,"Crosby, Faye",female,author
499,"Ye, Feifei",,author
500,"Danbold, Felix",male,author
501,"Thoemmes, Felix",male,author
502,"Radicchi, Filippo",male,author
503,"Watt, Fiona",female,author
504,"Berman, Francine",female,author
505,"Vermeylen, Francoise",,author
506,"Laanan, Frankie",male,author
507,"Borgen, Fred",male,author
508,"Jenkins, Fred",male,author
509,"Smyth, Frederick",male,author
510,"Lopez, Frederick",male,author
511,"Ampaw, Frim",,author
512,"Forbes, G. Anne",,author
513,"Weaver, Gabriela",female,author
514,"Lucas, Gale",,author
515,"Sinatra, Gale",,author
516,"Orfield, Gary",male,author
517,"Cohen, Geoff",,author
518,"Potvin, Geoff",,author
519,"Knezek, Gerald",male,author
520,"Westerhuis, Gerarda",,author
521,"Ramirez, Gerardo",male,author
522,"Sonnert, Gerhard",male,author
523,"Awad, Germine",,author
524,"Little, Germysha",,author
525,"Nehmeh, Ghada",female,author
526,"Faitar, Gheorghita",,author
527,"Stoet, Gijsbert",,author
528,"Jew, Gilbert",male,author
529,"Barabino, Gilda",female,author
530,"Sandstrom, Gillian",female,author
531,"Ruether, Gina",female,author
532,"Roussos, Gina",female,author
533,"Badini, Giovani",male,author
534,"Kersaint, Gladis",female,author
535,"Flores, Glenda",female,author
536,"Adams, Glenn",male,author
537,"Bivens, Glennda",,author
538,"Segovia, Gloria",female,author
539,"Lim, Gloria",female,author
540,"Ma, Gloria",female,author
541,"Vunjak-Novakovic, Gordana",,author
542,"Miot da Silva, Graziela",,author
543,"Wolniak, Gregory",male,author
544,"Walton, Gregory",male,author
545,"Lewis, Gregory",male,author
546,"Bott, Gregory",male,author
547,"Chang, Gregory",male,author
548,"Bauer, Greta",female,author
549,"Soncuya, Gretchen",female,author
550,"Villalobos, Guillermo",male,author
551,"Yew, Guo Zheng",,author
552,"Mustafa, Hadil",,author
553,"Tracy, Hailee",female,author
554,"Wang, Haiwen",,author
555,"Arabnia, Hamid",male,author
556,"Shepherd, Hana",female,author
557,"Lee, Hang-Shim",,author
558,"Power, Hannah",female,author
559,"Whang, Hannah",female,author
560,"Ackler, Harold",male,author
561,"Ribeiro, Haroldo",,author
562,"Doty, Heather",female,author
563,"Falconer, Heather",female,author
564,"Metcalf, Heather",female,author
565,"Rowan-Kenyon, Heather",female,author
566,"Thiry, Heather",female,author
567,"Wiebke, Heidi",female,author
568,"Julien, Heidi",female,author
569,"Blackburn, Heidi",female,author
570,"Gauder, Heidi",female,author
571,"Stoeger, Heidrun",,author
572,"Daldrup-Link, Heike",,author
573,"Tunnicliffe, Helen",female,author
574,"Morgan, Helen",female,author
575,"Rabasco, Helena",female,author
576,"Watt, Hellen",female,author
577,"Aguinis, Herman",male,author
578,"Friedman, Hershey",,author
579,"Geber, Hilary",female,author
580,"Zimmerman, Hilary",female,author
581,"Koishi, Hirofumi",,author
582,"Dolliver, Holly",female,author
583,"Zarghamee, Homa",,author
584,"Chan, Hsun-yu",,author
585,"Xu, Huan",,author
586,"Sheu, Hung-Bin",,author
587,"Le, Huy",male,author
588,"Kim, Hwaheun",,author
589,"Jang, Hyewon",,author
590,"Handley, Ian",male,author
591,"Randall, Ian",male,author
592,"Ngambeki, Ida",female,author
593,"Vazquez, Idalis",female,author
594,"Villanueva, Idalis",female,author
595,"Pollack, Ilana",female,author
596,"Yoon, Ilmi",,author
597,"Johnson, India",female,author
598,"Weigold, Ingrid",female,author
599,"Berdousis, Ioannis",male,author
600,"Delgado-Fernandez, Irene",female,author
601,"Nikiforova, Irina",female,author
602,"Warner, Isiah",male,author
603,"Settles, Isis",female,author
604,"Diaz, Ismael",male,author
605,"Haynes, J. Chris",,author
606,"Jackson, J. Kasi",,author
607,"Stolk, J.D.",,author
608,"Hibel, Jacob",male,author
609,"Westfall, Jacob",male,author
610,"Chen, Jacqueline",female,author
611,"Tanaka, Jacqueline",female,author
612,"Hyman, Jacqueline",female,author
613,"Ball, Jacqueline",female,author
614,"Eccles, Jacquelynne",,author
615,"Lewis, Jaime",male,author
616,"Lester, Jaime",male,author
617,"Pyne, Jake",male,author
618,"Lewis, Jakeem",male,author
619,"Gordon, James",male,author
620,"Rounds, James",male,author
621,"Codling, James",male,author
622,"Koch, James",male,author
623,"West, James",male,author
624,"Kim, James",male,author
625,"Cano, Jamie",female,author
626,"Shaffer, Jamie",female,author
627,"Speer, Jamin",male,author
628,"Stets, Jan",male,author
629,"Friedman, Jane",female,author
630,"Liu, Jane",female,author
631,"Stout, Jane",female,author
632,"Andrews, Jane",female,author
633,"Gagnon, Janelle",female,author
634,"Malley, Janet",female,author
635,"Hyde, Janet",female,author
636,"Tsai, Janet",female,author
637,"Smith, Janet",female,author
638,"Johnson, Japera",,author
639,"Cala, Jaqueline",female,author
640,"Hyman, Jaquieline",,author
641,"Halter, Jared",male,author
642,"Nettiksimmons, Jasmine",female,author
643,"Jovanovic, Jasna",,author
644,"Garvey, Jason",male,author
645,"Sheltzer, Jason",male,author
646,"Nissen, Jayson",male,author
647,"Mervis, Jeffrey",male,author
648,"Valla, Jeffrey",male,author
649,"Froyd, Jeffrey",male,author
650,"Ashby, Jeffrey",male,author
651,"Kromrey, Jeffrey",male,author
652,"Freeman, Jen",male,author
653,"DeWitt, Jen",male,author
654,"Shapiro, Jenessa",female,author
655,"Hart, Jeni",,author
656,"Bratter, Jenifer",female,author
657,"Cambria, Jenna",female,author
658,"Carpenter, Jenna",female,author
659,"Cramer, Jennifer",female,author
660,"Cromley, Jennifer",female,author
661,"Gatz, Jennifer",female,author
662,"Normanly, Jennifer",female,author
663,"Schneider, Jennifer",female,author
664,"Saucerman, Jennifer",female,author
665,"Bosson, Jennifer",female,author
666,"Grossman, Jennifer",female,author
667,"Bekki, Jennifer",female,author
668,"Batra, Jennifer",female,author
669,"Glass, Jennifer",female,author
670,"Karlin, Jennifer",female,author
671,"Amos, Jennifer",female,author
672,"Peach, Jennifer",female,author
673,"Maltby, Jennifer",female,author
674,"Yu, Jennifer",female,author
675,"Cribbs, Jennifer",female,author
676,"Petersen, Jennifer",female,author
677,"LaCosse, Jennifer",female,author
678,"Daniel, Jennifer",female,author
679,"Gurski, Jennifer",female,author
680,"Mallette, Jennifer",female,author
681,"Drew, Jennifer",female,author
682,"DeWitt, Jennifer.",,author
683,"Buontempo, Jenny",female,author
684,"Jones, Jenny",female,author
685,"Pedescleaux, Jerie",,author
686,"Jackson, Jerlando",,author
687,"Jacobs, Jerry",male,author
688,"Smith, Jessi",female,author
689,"Degol, Jessica",female,author
690,"Gilmartin, Jessica",female,author
691,"Arizaga, Jessica",female,author
692,"Ellis, Jessica",female,author
693,"Crowe, Jessica",female,author
694,"Bennett, Jessica",female,author
695,"Heybach, Jessica",female,author
696,"Whitehead, Jessica",female,author
697,"Bodford, Jessica",female,author
698,"Cundiff, Jessica",female,author
699,"Fautch, Jessica",female,author
700,"Lofton, Jessica",female,author
701,"Goldberger, Jessica",female,author
702,"Prenni, Jessica",female,author
703,"Minney, Jessy",male,author
704,"Bennett, Jill",female,author
705,"Bystydzienski, Jill",female,author
706,"Loveluck, Jimena",female,author
707,"Shin, Jiyun",,author
708,"Handelsman, Jo",female,author
709,"Barth, Joan",male,author
710,"Richtsmeier, Joan",male,author
711,"Williams, Joan",male,author
712,"Esson, Joan",male,author
713,"Herbers, Joan",male,author
714,"Smith, Joan",male,author
715,"Jezierska, Joanna",female,author
716,"Gilmore, Joanna",female,author
717,"Moreira, Joao A.",,author
718,"Linley, Jodi",female,author
719,"Ifcher, John",male,author
720,"Forrest, John",male,author
721,"McGready, John",male,author
722,"Beekman, John",male,author
723,"Jorstad, John",male,author
724,"Dovidio, John",male,author
725,"Siy, John",male,author
726,"Settlage, John",male,author
727,"Dugan, John",male,author
728,"Kellar, Jon",male,author
729,"Wai, Jonathan",male,author
730,"Berhanu, Jonathan",male,author
731,"Shemwell, Jonathan",male,author
732,"Gratch, Jonathan",male,author
733,"Hahm, Jong-on",,author
734,"Vossen, Jordan",male,author
735,"Hopkins, Jordan",male,author
736,"Troisi, Jordan",male,author
737,"Duch, Jordi",male,author
738,"Joseph, Joretta",,author
739,"Blackorby, Jose",male,author
740,"Bauermeister, Jose",male,author
741,"Pena, Jose Vicente",,author
742,"Cimpian, Joseph",male,author
743,"Harsh, Joseph",male,author
744,"Weaver, Joseph",male,author
745,"King, Joseph",male,author
746,"Kruger, Joseph",male,author
747,"Berger, Joseph",male,author
748,"Price, Joshua",male,author
749,"Coon, Joshua",male,author
750,"Rosenbloom, Joshua",male,author
751,"Steffan, Joshua",male,author
752,"Polanin, Joshua",male,author
753,"Gayles, Joy",female,author
754,"Honea, Joy",female,author
755,"Misra, Joya",female,author
756,"Yen, Joyce",female,author
757,"Ehrlinger, Joyce",female,author
758,"Moakler, Jr",male,author
759,"Gibbs, Jr",male,author
760,"Gore, Jr",male,author
761,"Gutierrez, Juan",male,author
762,"Grosser, Jude",male,author
763,"Danovitch, Judith",female,author
764,"Harackiewicz, Judith",female,author
765,"Mann, Judith",female,author
766,"Sheard, Judy",female,author
767,"Savoy, Julia",female,author
768,"Melkers, Julia",female,author
769,"Skolnik, Julia",female,author
770,"Bear, Julia",female,author
771,"Hodges, Julia",female,author
772,"Moote, Julie",female,author
773,"Martin, Julie",female,author
774,"Kittleson, Julie",female,author
775,"Joyal, Julie",female,author
776,"Walters, Julie",female,author
777,"Lorah, Julie",female,author
778,"Angle, Julie",female,author
779,"van der Molen, Juliette",female,author
780,"Moss, Justin",male,author
781,"Beddoes, Kacey",female,author
782,"Conroy, Kacie",female,author
783,"Rackley, Kadie",female,author
784,"Simonson, Kailey",female,author
785,"Mahrer, Kali",female,author
786,"Dissanayake, Kalpani",,author
787,"Woodson, Kamilah",female,author
788,"Okamoto, Karen",female,author
789,"Winkfield, Karen",female,author
790,"Inkelas, Karen",female,author
791,"Vaughan, Karen",female,author
792,"Gonsalkorale, Karen",female,author
793,"Jackson, Karen",female,author
794,"Mancl, Karen",female,author
795,"Multon, Karen",female,author
796,"Aguar, Karen",female,author
797,"Inkelas, Karen Kurotsuchi",,author
798,"Frasch, Karie",female,author
799,"Bryan, Karin",female,author
800,"Morton, Karisma",female,author
801,"Lewis, Karyn",female,author
802,"Szelenyi, Katalin",female,author
803,"Quinn, Kate",female,author
804,"Harrington, Kate",female,author
805,"Luong, Kate",female,author
806,"Queeney, Kate",female,author
807,"White, Kate",female,author
808,"Bresonis, Kate",female,author
809,"Highfield, Kate",female,author
810,"Cooper, Katelyn",female,author
811,"Harvati, Katerina",female,author
812,"Xu, Kath",,author
813,"O'Brien, Katharine",female,author
814,"Zippel, Katherin",female,author
815,"Michelmore, Katherine",female,author
816,"Phillips, Katherine",female,author
817,"Conway, Katherine",female,author
818,"Dabney, Katherine",female,author
819,"Wilson, Katherine",female,author
820,"Rainey, Katherine",female,author
821,"Miner, Kathi",,author
822,"Buse, Kathleen",female,author
823,"Smith, Kathleen",female,author
824,"Lehman, Kathleen",female,author
825,"Fane, Kathleen",female,author
826,"Plank, Kathryn",female,author
827,"Clancy, Kathryn",female,author
828,"Stofer, Kathryn",female,author
829,"Holland, Kathryn",female,author
830,"Aloisio, Kathryn",female,author
831,"Lavelle, Kathryn",female,author
832,"Boucher, Kathryn",female,author
833,"Lawson, Katie",female,author
834,"Cech, Katie",female,author
835,"Hinsen, Katie",female,author
836,"O'Leary, Katie",female,author
837,"Lee, Katrina",female,author
838,"Claw, Katrina",female,author
839,"Piatek-Jimenez, Katrina",female,author
840,"Taylor, Kay Ann",,author
841,"Hui, Kayi",,author
842,"Okada, Kazunori",,author
843,"Pituch, Keenan",male,author
844,"Watkins, Keiana",female,author
845,"Herzog, Keith",male,author
846,"Enns, Kellie",female,author
847,"Duran, Kelly",female,author
848,"Cross, Kelly",female,author
849,"Baker, Kelly",female,author
850,"Wickersham, Kelly",female,author
851,"Mack, Kelly",female,author
852,"Mulvey, Kelly",female,author
853,"Zamudio, Kelly",female,author
854,"Mulvey, Kelly Lynn",,author
855,"Chappetta, Kelsey",female,author
856,"DeLaine, Kendra",female,author
857,"Rice, Kenneth",male,author
858,"Wilkins-Yel, Kerrie",,author
859,"Wilkins, Kerrie",,author
860,"Oschatz, Kerstin",female,author
861,"Cappaert, Kevin",male,author
862,"Rask, Kevin",male,author
863,"Brown, Kevin",male,author
864,"Eggan, Kevin",male,author
865,"Mahoney, Kevin",male,author
866,"Bonham, Kevin",male,author
867,"Weeden, Kim",female,author
868,"Shauman, Kimberlee",female,author
869,"Jeffers, Kimberly",female,author
870,"Griffin, Kimberly",female,author
871,"Talley, Kimberly",female,author
872,"Harris, Kimberly",female,author
873,"Bryan, Kimberly",female,author
874,"Freeman, Kimberly",female,author
875,"Eagleston, Kimberly",female,author
876,"Jackson, Kimberly",female,author
877,"Fath, Kimberly",female,author
878,"Gray, Kimberlyn",female,author
879,"Thomas, Kirby",male,author
880,"Kokini, Klod",,author
881,"Vasquez, Kris",male,author
882,"Minnotte, Krista",female,author
883,"Salomon, Kristen",female,author
884,"Intemann, Kristen",female,author
885,"Schilt, Kristen",female,author
886,"Splinter, Kristen",female,author
887,"Harvey, Kristin",female,author
888,"Smith, Kristin",female,author
889,"Haltinner, Kristin",female,author
890,"Sherwood, Kristin",female,author
891,"Dillon-Lieberman, Kristin",female,author
892,"Lui, Kristine",female,author
893,"Pena, Kylee",female,author
894,"Perez-Felkneri, Lara",female,author
895,"Perez-Felkner, Lara",female,author
896,"Abraham-Hilaire, Latecia",,author
897,"Briggs, LaTese",,author
898,"Parson, Laura",female,author
899,"Palumbo, Laura",female,author
900,"Rogers, Laura",female,author
901,"Ramsey, Laura",female,author
902,"Rhoton, Laura",female,author
903,"Fogg-Rogers, Laura",female,author
904,"Paulson, Laura",female,author
905,"Katz, Laura",female,author
906,"Edwards, Laura",female,author
907,"Perna, Laura",female,author
908,"Kenefic, Laura",female,author
909,"Bella, Laura",female,author
910,"Perez-Felkner, Laura",female,author
911,"Gelles, Laura",female,author
912,"Monje-Paulson, Laura",female,author
913,"Kooiman, Laura",female,author
914,"McCullough, Laura",female,author
915,"Beckett, Laurel",female,author
916,"Smith-Doerr, Laurel",female,author
917,"Sullivan, Lauren",female,author
918,"Bowman, Lauren",female,author
919,"Valentino, Lauren",female,author
920,"Hawthorne, Lauren",female,author
921,"Blackwell, Lauren",female,author
922,"Russell, Lauren",female,author
923,"Brewer, Lauren",female,author
924,"Hudson, Lauren",female,author
925,"Glimcher, Laurie",female,author
926,"O'Brien, Laurie",female,author
927,"Kauffman, Laurie",female,author
928,"Clayton, Laurie",female,author
929,"Charleston, LaVar",male,author
930,"Melon, Laverne",male,author
931,"Golubchik, Leana",female,author
932,"Coder, LeAnne",female,author
933,"Penn, Lee",male,author
934,"Thompson, Leisa",,author
935,"Laemmle, Lena",female,author
936,"Crumpton-Young, Lesia",,author
937,"Winfield, Leyte",,author
938,"Erpen, Ligia",female,author
939,"Ma, Lili",female,author
940,"Cortina, Lilia",female,author
941,"Wu, Lillian",female,author
942,"Eby, Lillian",female,author
943,"Jiang, Lily",female,author
944,"Ko, Lily",female,author
945,"Sax, Linda",female,author
946,"Fuselier, Linda",female,author
947,"Kamas, Linda",female,author
948,"Garavalia, Linda",female,author
949,"Subich, Linda",female,author
950,"Hagedorn, Linda",female,author
951,"Claiborn, Lindsay",female,author
952,"Rice, Lindsay",female,author
953,"Streamer, Lindsey",female,author
954,"Anderson, Lindsey",female,author
955,"Hopewell, Lindsey",female,author
956,"Chen, Ling-Ling",,author
957,"Avallone, Linnea",female,author
958,"Rosenthal, Lisa",female,author
959,"McLoughlin, Lisa",female,author
960,"Benson, Lisa",female,author
961,"Flores, Lisa",female,author
962,"Torres, Lisette",female,author
963,"Bergeron, Liz",female,author
964,"Finkel, Liza",female,author
965,"Park, Lora",female,author
966,"Espinosa, Lorelle",female,author
967,"Krenitsky, Loretta",female,author
968,"Jockers, Lori",female,author
969,"Snyder, Lori Anderson",,author
970,"Roberson, Loriann",female,author
971,"Berk, Louis",male,author
972,"McHugh, Louise",female,author
973,"Soe, Louise",female,author
974,"Archer, Louise",female,author
975,"Taylor, Lowell",male,author
976,"Esteves, Luciana",female,author
977,"Yeomans, Lucy",female,author
978,"Marzilli, Luigi",male,author
979,"Zingales, Luigi",male,author
980,"Amaral, Luis A. Nunes",,author
981,"Davis, Lydia",female,author
982,"Howell, Lydia",female,author
983,"Bentley, Lydia",female,author
984,"Liben, Lynn",female,author
985,"Farrell, Lynn",female,author
986,"McGrath, Lynn",female,author
987,"Kanny, M. Allison",,author
988,"Barnes, M. Elizabeth",,author
989,"Shelley, Mack",male,author
990,"Syme, Maggie",female,author
991,"Holmes, Maja",female,author
992,"Siker, Malika",female,author
993,"Zarske, Malinda",female,author
994,"Schilling, Malle",,author
995,"Redel, Mallory",female,author
996,"Paechter, Manuela",female,author
997,"Evans, Mara",female,author
998,"Wasburn, Mara",female,author
999,"Lerchenmueller, Marc",male,author
1000,"Goulden, Marc",male,author
1001,"Lobel, Marci",female,author
1002,"Gumpertz, Marcia",female,author
1003,"Beier, Margaret",female,author
1004,"Foster, Margaret",female,author
1005,"Bailey, Margaret",female,author
1006,"Kelley, Margaret",female,author
1007,"Eisenhart, Margaret",female,author
1008,"Rossiter, Margaret",female,author
1009,"Pinnell, Margaret",female,author
1010,"Sardo, Margarida",,author
1011,"Bernal, Margarita",female,author
1012,"Adamuti-Trache, Maria",female,author
1013,"Oliver-Hoyo, Maria",female,author
1014,"Ong, Maria",female,author
1015,"Bolognesi, Maria",female,author
1016,"Charles, Maria",female,author
1017,"Kordaki, Maria",female,author
1018,"Kelly, Maria",female,author
1019,"Miquel, Maria-Jose",,author
1020,"Di Stefano, Marialusia",,author
1021,"Page, Marianne",female,author
1022,"Paretti, Marie",female,author
1023,"Hammond, Marie",female,author
1024,"Suizzo, Marie-Anne.",,author
1025,"Reyes, Marie-Elena",,author
1026,"Cabay, Marilyn.",,author
1027,"Piacentini, Mario",male,author
1028,"Hartwig, Marissa",female,author
1029,"Vichayapai, Marissa",female,author
1030,"Muguira, Maritza",female,author
1031,"Horton, Marjorie",female,author
1032,"Depot, Mark",male,author
1033,"Davison, Mark",male,author
1034,"Engberg, Mark",male,author
1035,"Taylor, Mark",male,author
1036,"Zanna, Mark",male,author
1037,"Goodman, Mark",male,author
1038,"Ellis, Mark",male,author
1039,"Connolly, Mark",male,author
1040,"Kanagui-Munoz, Marlen",female,author
1041,"Sales-Pardo, Marta",female,author
1042,"Makowski, Martha",female,author
1043,"Potvin, Martha",female,author
1044,"Bottia, Martha",female,author
1045,"Chemers, Martin",male,author
1046,"Ndicu, Martin",male,author
1047,"Kasarda, Mary",female,author
1048,"Fischer, Mary",female,author
1049,"Schaefer, Mary",female,author
1050,"Feeney, Mary",female,author
1051,"Blair-Loy, Mary",female,author
1052,"Wyer, Mary",female,author
1053,"Alfred, Mary",female,author
1054,"Mason, Mary",female,author
1055,"Armstrong, Mary",female,author
1056,"Juhas, Mary",female,author
1057,"Hynes, Mary",female,author
1058,"Thornbush, Mary",female,author
1059,"Murphy, Mary",female,author
1060,"McCracken, Mary",female,author
1061,"Fitzpatrick, Mary",female,author
1062,"Amon, Mary",female,author
1063,"Hermann, Mary",female,author
1064,"McGarvey, Mary",female,author
1065,"Fox, Mary Frank",,author
1066,"Wellenstein, Mary Jo",,author
1067,"Santovec, Mary Lou",,author
1068,"D'Allegro, Mary Lou",,author
1069,"Gasman, Marybeth",female,author
1070,"Cruz, Mateo",male,author
1071,"O'Donnell, Matt",male,author
1072,"Miller, Matthew",male,author
1073,"Irvin, Matthew",male,author
1074,"Cannady, Matthew",male,author
1075,"Hunsinger, Matthew",male,author
1076,"Francisco, Matthew",male,author
1077,"Soldner, Matthew",male,author
1078,"Franchetti, Matthew",male,author
1079,"Ohland, Matthew",male,author
1080,"Mars, Matthew",male,author
1081,"Townley, Matthew",male,author
1082,"Mehl, Matthias",male,author
1083,"Borrego, Maura",female,author
1084,"Bairley, Maura",female,author
1085,"Valentine, Maureen",female,author
1086,"Amechi, Mauriell",,author
1087,"Houck, Max",male,author
1088,"Beasley, Maya",female,author
1089,"Anazco, Mayari",,author
1090,"Wilbur, Meaghan",female,author
1091,"Habashi, Meara",female,author
1092,"Kearns, Megan",female,author
1093,"Keogh, Megan",female,author
1094,"Cusick, Megan",female,author
1095,"Lovering, Meghan",female,author
1096,"Jones, Meghan",female,author
1097,"Huntoon, Meghan",female,author
1098,"Bathgate, Meghan",female,author
1099,"Sabharwal, Meghna",female,author
1100,"Longhurst, Melanie",female,author
1101,"Stefan, Melanie",female,author
1102,"Walker, Melanie",female,author
1103,"Bayne, Melissa",female,author
1104,"Burt, Melissa",female,author
1105,"Rura, Melissa",female,author
1106,"Dagley, Melissa",female,author
1107,"McManus, Melissa",female,author
1108,"Gilliam, Melissa",female,author
1109,"Sobel, Melissa",female,author
1110,"Koch, Melissa",female,author
1111,"Rivers, Melissa",female,author
1112,"Aikens, Melissa",female,author
1113,"Gordon, Melissa",female,author
1114,"Fuesting, Melissa",female,author
1115,"Soto, Melissa",female,author
1116,"Martiros, Melissa",female,author
1117,"Robertson, Melissa",female,author
1118,"Nirenberg, Melissa",female,author
1119,"Dancy, Melissa",female,author
1120,"Scircle, Melissa McManus",,author
1121,"Peng, Menglu",,author
1122,"Liu, Mengting",,author
1123,"Santana, Mercedes",female,author
1124,"Inda, Mercedes",female,author
1125,"Meyer, Meredith",female,author
1126,"Durmowicz, Meredith",female,author
1127,"Ray, Merideth",female,author
1128,"Steinberg, Mia",female,author
1129,"Estrada, Mica",female,author
1130,"Young, Micaela",female,author
1131,"West, Michael",male,author
1132,"Gottfried, Michael",male,author
1133,"Heilemann, Michael",male,author
1134,"Gross, Michael",male,author
1135,"Litano, Michael",male,author
1136,"Barnett, Michael",male,author
1137,"Pelch, Michael",male,author
1138,"Arnold, Michael",male,author
1139,"Fang, Michael",male,author
1140,"Fague, Michael",male,author
1141,"Westphall, Michael",male,author
1142,"Martin, Michael",male,author
1143,"Cadaret, Michael",male,author
1144,"Georgiopoulos, Michael",male,author
1145,"Porche, Michelle",female,author
1146,"Camacho, Michelle",female,author
1147,"Vieyra, Michelle",female,author
1148,"Stephens, Michelle",female,author
1149,"Hebl, Michelle",female,author
1150,"Chang, Mido",,author
1151,"Barnett, Mike",male,author
1152,"Kim, Mikyong",,author
1153,"Wan, Min",,author
1154,"Tsui, Ming",male,author
1155,"Wang, Ming-Te",,author
1156,"Ly, Minh",male,author
1157,"D'Sa, Mitchell",male,author
1158,"Syed, Moin",,author
1159,"El-Hout, Mona",female,author
1160,"Krook, Mona",female,author
1161,"Mbila, Monday",,author
1162,"Gaughan, Monica",female,author
1163,"Lopez-Gonzalez, Monica",female,author
1164,"Bugallo, Monica",female,author
1165,"Skewes, Monica",female,author
1166,"Boyd, Monica",female,author
1167,"Ross, Monique",female,author
1168,"Okun, Morris",male,author
1169,"Dehghani, Morteza",,author
1170,"Chao, Moses",male,author
1171,"Ferree, Myra",female,author
1172,"Senechal, Nadia",female,author
1173,"Fouad, Nadya",female,author
1174,"Osei-Kofi, Nana",male,author
1175,"Angoff, Nancy",female,author
1176,"Tarbell, Nancy",female,author
1177,"Dickson, Nancy",female,author
1178,"Oriol, Nancy",female,author
1179,"Betz, Nancy",female,author
1180,"Heilbronner, Nancy",female,author
1181,"Truong, Nancy",female,author
1182,"Fry, Nancy",female,author
1183,"Chesler, Naomi",female,author
1184,"Sweller, Naomi",female,author
1185,"Fabert, Natalie",female,author
1186,"Choe, Nathan",male,author
1187,"Lents, Nathan",male,author
1188,"Pasha-Zaidi, Nausheen",,author
1189,"Caluori, Nava",female,author
1190,"Olitsky, Neal",male,author
1191,"Zounlome, Nelson",male,author
1192,"Zounlome, Nelson O.O.",,author
1193,"Kwiecien, Nicholas",male,author
1194,"Horton, Nicholas",male,author
1195,"Massimo, Nicholas",male,author
1196,"Hubner, Nicholas",male,author
1197,"Bauer, Nichole",female,author
1198,"Kraemer, Nicole",female,author
1199,"Gill, Nicole",female,author
1200,"Yates, Nicole",female,author
1201,"Else-Quest, Nicole",female,author
1202,"Buchanan, Nicole",female,author
1203,"Thomas, Nicole",female,author
1204,"Lichtenberg, Nicole",female,author
1205,"Denson, Nida",female,author
1206,"Falk, Nikki",female,author
1207,"Dasgupta, Nilanjana",,author
1208,"Maung, Nina",female,author
1209,"Yamawaki, Niwako",,author
1210,"Finkelstein, Noah",male,author
1211,"Drezner, Noah",male,author
1212,"Veurink, Norma",female,author
1213,"Sorenson, Olav",,author
1214,"Graudejus, Oliver",male,author
1215,"Kuchta, Olyvia",female,author
1216,"LaBelle, Onawa",,author
1217,"Chen, P. Daniel",,author
1218,"Schultz, P. Wesley",,author
1219,"Smith, Paige",female,author
1220,"Cosman, Pamela",female,author
1221,"Arlotta, Paola",female,author
1222,"Sapienza, Paola",female,author
1223,"Buzzanell, Patrice",female,author
1224,"Simpson, Patricia",female,author
1225,"Gilbert, Patricia",female,author
1226,"DiBartolo, Patricia Marten",,author
1227,"Rottinghaus, Patrick",male,author
1228,"Limbach, Patrick",male,author
1229,"Jagoda, Patrick",male,author
1230,"Gaule, Patrick",male,author
1231,"Eastwick, Paul",male,author
1232,"White, Paul",male,author
1233,"Nelson, Paul",male,author
1234,"Shattuck, Paul",male,author
1235,"Wendel, Paul",male,author
1236,"Monaco, Paul",male,author
1237,"Greeley, Paul",male,author
1238,"Hartung, Paul",male,author
1239,"Hernandez, Paul",male,author
1240,"McDaniel, Paul",male,author
1241,"Jensen, Paula",female,author
1242,"Doerschuk, Peggy",female,author
1243,"Hammrich, Penny",female,author
1244,"Pasque, Penny",female,author
1245,"Myers, Perla",female,author
1246,"Burke, Peter",male,author
1247,"Gnilka, Philip",male,author
1248,"Bourne, Philip",male,author
1249,"Sadler, Philip",male,author
1250,"Brenner, Philip",male,author
1251,"Ackerman, Phillip",male,author
1252,"Sadler, Phillip",male,author
1253,"George, Phillis",,author
1254,"Lyman, Phoebe",female,author
1255,"Pennings, Pleuni",,author
1256,"Sankar, Pooja",female,author
1257,"Imoukhuede, Princess",female,author
1258,"Min, Pyong Gap",,author
1259,"Hu, Qin",,author
1260,"Alexander, Quentin",male,author
1261,"Lineberger, R. Daniel",,author
1262,"Robnett, Rachael",female,author
1263,"Simmons, Rache",,author
1264,"Baker, Rachel",female,author
1265,"Wilson, Rachel",female,author
1266,"Stoiko, Rachel",female,author
1267,"Amey, Rachel",female,author
1268,"O'Connor, Rachel",female,author
1269,"Kachchaf, Rachel",female,author
1270,"Navarro, Rachel",female,author
1271,"Prislin, Radmila",,author
1272,"Durodoye, Raifu",,author
1273,"Barthelemy, Ramon",male,author
1274,"Shedlosky-Shoemaker, Randi",female,author
1275,"Chance, Randie",female,author
1276,"Leon, Raul",male,author
1277,"Koul, Ravinder",,author
1278,"McCarthy, Raymond",male,author
1279,"Barnes, Rebecca",female,author
1280,"Hammond, Rebecca",female,author
1281,"Miller, Rebecca",female,author
1282,"Belou, Rebecca",female,author
1283,"Morton, Rebecca",female,author
1284,"Davis, Rebecca",female,author
1285,"Brunelli, Rebecca",female,author
1286,"Richards-kortum, Rebecca",female,author
1287,"Steingut, Rebecca",female,author
1288,"Pinkus, Rebecca",female,author
1289,"Bates, Rebecca",female,author
1290,"Dahle, Reena",female,author
1291,"Lee, Reginald",male,author
1292,"Dorph, Rena",female,author
1293,"Burton, Rena",female,author
1294,"Adams, Renee",female,author
1295,"Jagsi, Reshma",,author
1296,"Owens, Rhea",female,author
1297,"Lanehart, Rheta",,author
1298,"Christensen, Rhonda",female,author
1299,"Wright, Richard",male,author
1300,"Simon, Richard",male,author
1301,"McGee, Richard",male,author
1302,"Crisp, Richard",male,author
1303,"Serpe, Richard",male,author
1304,"Evans, Riley",female,author
1305,"Goyal, Riya",female,author
1306,"Travers, Robb",,author
1307,"Tai, Robert",male,author
1308,"Ridge, Robert",male,author
1309,"Ceglie, Robert",male,author
1310,"Lent, Robert",male,author
1311,"Klitzman, Robert",male,author
1312,"Otondo, Robert",male,author
1313,"Lim, Robert",male,author
1314,"Adelman, Robert",male,author
1315,"Sweet, Robert",male,author
1316,"Rincon, Roberta",female,author
1317,"Clark, Robin",female,author
1318,"Bernstein, Robin",female,author
1319,"Andreasen, Robin",female,author
1320,"Wilson, Robyn",female,author
1321,"Pearson, Rodney",male,author
1322,"Godbole, Rohini",,author
1323,"Singh, Romila",,author
1324,"Brandt, Ronald",male,author
1325,"Ash, Ronald",male,author
1326,"Su, Rong",,author
1327,"Banda, Rosa",female,author
1328,"Guadagno, Rosanna",female,author
1329,"Wu, Roseann",female,author
1330,"Edzie, Rosemary",female,author
1331,"Mickelson, Roslyn",female,author
1332,"Guadagno, Rossanna",,author
1333,"Jones, Roxann",female,author
1334,"Mendenhall, Ruby",female,author
1335,"Faux, Russell",male,author
1336,"Long, Russell",male,author
1337,"Daly, Russell",male,author
1338,"Kanfer, Ruth",female,author
1339,"Foor, Ryan",male,author
1340,"Toomey, Ryan",male,author
1341,"McCarther, S. Marie",,author
1342,"Kulturel-Konak, Sadan",,author
1343,"Kim, Saenam",,author
1344,"Nix, Samantha",female,author
1345,"Farro, Samantha",female,author
1346,"Howe, Samantha",female,author
1347,"Masur, Sandra",female,author
1348,"Laursen, Sandra",female,author
1349,"Clinton, Sandra",female,author
1350,"Bhatia, Sangeeta",,author
1351,"Parikh, Sanjai",,author
1352,"Cheryan, Sapna",,author
1353,"Grineski, Sara",female,author
1354,"Brownell, Sara",female,author
1355,"Rushing, Sara",female,author
1356,"Hodges, Sara",female,author
1357,"Soffa, Sara",female,author
1358,"Jordan-Bloch, Sara",female,author
1359,"McClelland, Sara",female,author
1360,"Pruss, Sara",female,author
1361,"Dickinson, Sarah",female,author
1362,"Hamylton, Sarah",female,author
1363,"Thebaud, Sarah",female,author
1364,"Kleihauer, Sarah",female,author
1365,"Lubienski, Sarah",female,author
1366,"Banchefsky, Sarah",female,author
1367,"Hoffman, Sarah",female,author
1368,"Martiny, Sarah",female,author
1369,"Eddy, Sarah",female,author
1370,"Dunlap, Sarah",female,author
1371,"Herrmann, Sarah",female,author
1372,"Kenny, Sarah",female,author
1373,"Jackson, Sarah",female,author
1374,"Elton, Sarah",female,author
1375,"Mullen, Sarah",female,author
1376,"Thoman, Sarah",female,author
1377,"Damaske, Sarah",female,author
1378,"Painter, Sarah",female,author
1379,"Grover, Sarah",female,author
1380,"Leslie, Sarah-Jane",,author
1381,"McDonald, Sarah-Kathryn",,author
1382,"McGuire, Saundra",female,author
1383,"Carrell, Scott",male,author
1384,"Freeman, Scott",male,author
1385,"Streiner, Scott",male,author
1386,"Leath, Seanna",female,author
1387,"Galindo-Gonzalez, Sebastian",male,author
1388,"Cotner, Sehoya",,author
1389,"Dilli, Selin",female,author
1390,"Beverly, Selyna",,author
1391,"Oh, Seong Soo",,author
1392,"Han, Seong Won",,author
1393,"Cho, Seung-Ho",,author
1394,"Brady, Shabnam",female,author
1395,"Kamberi, Shahnaz",female,author
1396,"Gupta, Shannon",female,author
1397,"Gary, Shannon",female,author
1398,"Howes, Shannon",female,author
1399,"Holleran, Shannon",female,author
1400,"Gallop, Shari",female,author
1401,"Lynch, Sharon",female,author
1402,"Robinson-Kurpius, Sharon",female,author
1403,"Sassler, Sharon",female,author
1404,"Mason, Sharon",female,author
1405,"Muret-Wagstaff, Sharon",female,author
1406,"Ahlqvist, Sheana",,author
1407,"Freese, Shelby",female,author
1408,"Adamo, Shelley",female,author
1409,"Correll, Shelley",female,author
1410,"Levy, Sheri",female,author
1411,"Clark, Sheri",female,author
1412,"Perelli, Sheri",female,author
1413,"Levy, Sheri Robin",,author
1414,"Mark, Sheron",male,author
1415,"Sorby, Sheryl",female,author
1416,"Ashford, Shetay",,author
1417,"Salehi, Shima",,author
1418,"Cohen, Shoshanah",female,author
1419,"Kahn, Shulamit",,author
1420,"Beilock, Sian",female,author
1421,"Ziegler, Sianna",female,author
1422,"Gupta, Siddhartha",male,author
1423,"Joshi, Siddhi",female,author
1424,"Schirner, Sigrun",,author
1425,"Luttenberger, Silke",,author
1426,"Canetto, Silvia",female,author
1427,"Knobloch-Westerwick, Silvia",female,author
1428,"Faitar, Silviu",,author
1429,"Berweger, Simone",female,author
1430,"Rojas, Sina",female,author
1431,"Escobar-Alvarez, Sindy",female,author
1432,"Han, Siqi",,author
1433,"Tian, Siyue",,author
1434,"Ryuk, Sohee",,author
1435,"Ramachandran, Sohini",,author
1436,"Starobin, Soko",,author
1437,"Sadselia, Sona",female,author
1438,"Goltz, Sonia",female,author
1439,"Lee, Soohyun",,author
1440,"Kuchynka, Sophie",female,author
1441,"Vlaicu, Sorina",,author
1442,"Jang, Sou Hyun",,author
1443,"Weiss, Stacey",female,author
1444,"Lowe, Stacey",female,author
1445,"Blake-Beard, Stacy",female,author
1446,"Fischer, Stefanie",female,author
1447,"Obergriesser, Stefanie",female,author
1448,"Moller, Stephanie",female,author
1449,"Gisler, Stephanie",female,author
1450,"Burge, Stephanie",female,author
1451,"Aguillon, Stephanie",female,author
1452,"Coffman-Wolph, Stephany",female,author
1453,"Ceci, Stephen",male,author
1454,"Morgan, Stephen",male,author
1455,"Pollock, Steven",male,author
1456,"Robbins, Steven",male,author
1457,"Spencer, Steven",male,author
1458,"Goodreau, Steven",male,author
1459,"Chumbley, Steven",male,author
1460,"Yap, Stevie",female,author
1461,"Kellogg, Stuart",male,author
1462,"Rosser, Sue",female,author
1463,"Silbey, Susan",female,author
1464,"Solomon, Susan",female,author
1465,"Pitt, Susan",female,author
1466,"Barnett, Susan",female,author
1467,"Cozzens, Susan",female,author
1468,"Barker, Susan",female,author
1469,"Stout, Susan",female,author
1470,"Lord, Susan",female,author
1471,"Case, Susan",female,author
1472,"Edinger-Marshall, Susan",female,author
1473,"Levine, Susan",female,author
1474,"Pollart, Susan",female,author
1475,"Slattery, Susan",female,author
1476,"Gorman, Susan",female,author
1477,"Mengel, Susan",female,author
1478,"Yoon, Susan",female,author
1479,"Murphy, Susan",female,author
1480,"Zurn-Birkhimer, Suzanne",female,author
1481,"Held, Suzanne",female,author
1482,"Sontgerath, Suzanne",female,author
1483,"Beyer, Sylvia",female,author
1484,"Nassar-McMillan, Sylvia",female,author
1485,"Carter, T'Shana",,author
1486,"Chavous, Tabbye",,author
1487,"Hendrix, Taija",female,author
1488,"Harel-Marian, Taly",,author
1489,"Schneider, Tamera",female,author
1490,"Tyler-Wood, Tandra",,author
1491,"Teo, Tang",,author
1492,"Crenshaw, Tanya",female,author
1493,"Sanabria, Tanya",female,author
1494,"Dennehy, Tara",female,author
1495,"Hudson, Tara",female,author
1496,"Inniss, Tasha",female,author
1497,"Melguizo, Tatiana",female,author
1498,"Ramirez, Tatiana",female,author
1499,"Whitney, Telle",,author
1500,"Mutahi, Teresa",female,author
1501,"Greindl, Teresa",female,author
1502,"Woodruff, Teresa",female,author
1503,"Morton, Terrell",male,author
1504,"Johnson, Terri",female,author
1505,"Von Thaden, Terry",male,author
1506,"Killpack, Tess",female,author
1507,"Berg, Tessa",female,author
1508,"Lerdpornkulrat, Thanita",,author
1509,"Wills, Theodore",male,author
1510,"Taha, Thiab",,author
1511,"Robinson, Thomas",male,author
1512,"Ruberto, Thomas",male,author
1513,"DiPrete, Thomas",male,author
1514,"Riggers-Piehl, Tiffani",female,author
1515,"Ito, Tiffany",female,author
1516,"Veinot, Tiffany",female,author
1517,"Davis, Tim",male,author
1518,"Collins, Timothy",male,author
1519,"Ravn, Tina",female,author
1520,"Bachman, Tina",female,author
1521,"Mattsson, Tina",female,author
1522,"Kirchmaier, Tom",male,author
1523,"Schmader, Toni",female,author
1524,"Perez, Tony",male,author
1525,"Gorges, Torie",female,author
1526,"Bekelman, Traci",female,author
1527,"Neilsen, Tracianne",,author
1528,"Casanova, Tracy",female,author
1529,"Davidson, Travis",male,author
1530,"Bartosh, Travis",male,author
1531,"Turner, Trudy",female,author
1532,"Story, Tyler",male,author
1533,"Trautwein, Ulrich",male,author
1534,"Greco, Valentina",female,author
1535,"Fossati, Valentina",female,author
1536,"Streets, Valerie",female,author
1537,"Morganson, Valerie",female,author
1538,"Lundy-Wagner, Valerie",female,author
1539,"Taylor, Valerie",female,author
1540,"Conley, Valerie Martin",,author
1541,"Ruta, Vanessa",female,author
1542,"Peters, Vanessa",female,author
1543,"Wyss, Vanessa",female,author
1544,"Sriraman, Vederaman",,author
1545,"Kuntz, Vickie",female,author
1546,"Rizzardi, Victoria",female,author
1547,"Brescoll, Victoria",female,author
1548,"Grunberg, Victoria",female,author
1549,"Plaut, Victoria",female,author
1550,"Kumar, Vikas",male,author
1551,"Young, Viki",,author
1552,"Kleist, Virginia",female,author
1553,"Kwan, Virginia",female,author
1554,"Borum, Viveka",,author
1555,"Seyranian, Viviane",female,author
1556,"Edge, W. Daniel",,author
1557,"Potter, Walter",male,author
1558,"Herzog, Walter",male,author
1559,"Jing, Wei",,author
1560,"Chang, Wen-hsin",,author
1561,"Gardner, Wendi",female,author
1562,"Williams, Wendy",female,author
1563,"Young, Wendy",female,author
1564,"Moons, Wesley",male,author
1565,"Graziano, William",male,author
1566,"Hart, William",male,author
1567,"McKinley, William",male,author
1568,"Williams, Williams",male,author
1569,"Zeng, Xiao Han",,author
1570,"Duan, Xiaoju",,author
1571,"Zhu, Xiaorui",,author
1572,"Wei, Xin",female,author
1573,"Wang, Xueli",,author
1574,"Su, Xuhong",,author
1575,"Wong, Y. L. Anne",,author
1576,"Hsu, Ya-Chieh",,author
1577,"Bamberger, Yael",male,author
1578,"Levitte, Yael",male,author
1579,"Wang, Yan",male,author
1580,"Liu, Yan",male,author
1581,"Yang, Yang",male,author
1582,"Zastavker, Yevgeniya",,author
1583,"Shi, Ying",,author
1584,"Hsu, Ying-Shao",,author
1585,"Ma, Yingyi",,author
1586,"Xu, Yonghong",,author
1587,"Lee, You-Geon",,author
1588,"Lee, Youjin",,author
1589,"Ji, Young Hun",,author
1590,"Xie, Yu",female,author
1591,"Chen, Yu (April)",,author
1592,"Lin, Yuan-Hsiang",,author
1593,"Huo, Yuen",,author
1594,"Petzel, Zachary",male,author
1595,"Hazari, Zahra",female,author
1596,"Wilson, Zakiya",female,author
1597,"Thayer, Zaneta",female,author
1598,"Wu, Zhen",,author
1599,"Qian, Zhenchao",,author
1600,"Zahedi, Ziniya",,author
1601,"Long, Ziyu",,author
1602,"Morris, Zoe",female,author
1603,"Sabanovic, NA",,author
1604,"Settles Isis, NA",,author
1605,Computer Science Education,,publication
1606,Bulletin of the American Meteorological Society,,publication
1607,BioScience,,publication
1608,American Journal of Physical Anthropology,,publication
1609,Journal of Women and Minorities in Science and Engineering,,publication
1610,Journal of Science Education and Technology,,publication
1611,Social Cognitive and Affective Neuroscience,,publication
1612,Science Education,,publication
1613,Journal of chemical education,,publication
1614,Social Sciences,,publication
1615,Journal of experimental child psychology,,publication
1616,School Science and Mathematics,,publication
1617,Journal of vocational behavior,,publication
1618,Applied Developmental Science,,publication
1619,Frontiers in Psychology,,publication
1620,Community College Review,,publication
1621,Computers & Education,,publication
1622,Personality and Social Psychology Review,,publication
1623,Social Issues and Policy Review,,publication
1624,"ASEE Annual Conference and Exposition, Conference Proceedings",,publication
1625,Psychology of Women Quarterly,,publication
1626,Journal of the American Veterinary Medical Association,,publication
1627,ACM Transactions on Computing Education,,publication
1628,Annals of the New York Academy of Sciences,,publication
1629,PLoS ONE,,publication
1630,New Library World,,publication
1631,Journal of Soil and Water Conservation,,publication
1632,Journal of the American Society for Mass Spectrometry,,publication
1633,Bioscience,,publication
1634,American Society for Engineering Education,,publication
1635,Journal of Counseling and Development,,publication
1636,CBE Life Sciences Education,,publication
1637,Studies in Higher Education,,publication
1638,Perspectives on Psychological Science,,publication
1639,2017 IEEE Women in Engineering (WIE) Forum USA East,,publication
1640,Social Studies of Science,,publication
1641,Canadian Geographer / Le Geographe Canadien,,publication
1642,Cultural diversity & ethnic minority psychology,,publication
1643,Research in Higher Education,,publication
1644,International Review of Social Psychology,,publication
1645,Journal of educational psychology,,publication
1646,Frontiers in psychology,,publication
1647,Social science research,,publication
1648,Journal for Multicultural Education,,publication
1649,International Journal of Qualitative Studies in Education,,publication
1650,Agronomy Journal,,publication
1651,Palgrave Communications,,publication
1652,Psychological Science,,publication
1653,Personality and Social Psychology Bulletin,,publication
1654,Psychological bulletin,,publication
1655,PRIMUS,,publication
1656,Journal of personality and social psychology,,publication
1657,Economics of Education Review,,publication
1658,Photogrammetric Engineering & Remote Sensing,,publication
1659,NASPA Journal About Women in Higher Education,,publication
1660,Journal of College Student Retention-Research Theory & Practice,,publication
1661,Journal of Women's Health,,publication
1662,Sex Roles,,publication
1663,Academic Medicine,,publication
1664,Change,,publication
1665,New Directions for Higher Education,,publication
1666,Social Psychology of Education,,publication
1667,Journal of Career Assessment,,publication
1668,Journal of Organisational Transformation and Social Change,,publication
1669,ACM Conference on Innovation and Technology in Computer Science Education,,publication
1670,Innovative Higher Education,,publication
1671,Journal of Educational Research,,publication
1672,Proceedings of the ASEE Annual Conference & Exposition,,publication
1673,Science,,publication
1674,Journal of Medical Internet Research,,publication
1675,Journal of Social Issues,,publication
1676,Physical Review Physics Education Research,,publication
1677,Career Development Quarterly,,publication
1678,International Review of Qualitative Research,,publication
1679,"2007 37th Annual Frontiers In Education Conference - Global Engineering: Knowledge Without Borders, Opportunities Without Passports",,publication
1680,Interdisciplinary Science Reviews,,publication
1681,Review of Educational Research,,publication
1682,Gender Issues,,publication
1683,Review of Regional Studies,,publication
1684,International Journal of Science Education,,publication
1685,Social Forces,,publication
1686,Industrial and Organizational Psychology,,publication
1687,Journal of Economic Behavior & Organization,,publication
1688,European Sociological Review,,publication
1689,Journal of Research in Science Teaching,,publication
1690,Community College Journal of Research & Practice,,publication
1691,Journal of Diversity in Higher Education,,publication
1692,International Journal of STEM Education,,publication
1693,American Journal of Engineering Education,,publication
1694,Journal of Applied Social Psychology,,publication
1695,Journal of Womens Health,,publication
1696,Chronicle of Higher Education,,publication
1697,Review of Higher Education,,publication
1698,Educational Studies,,publication
1699,Advances in Radiation Oncology,,publication
1700,BMC Public Health,,publication
1701,American Educational Research Journal,,publication
1702,Developmental psychology,,publication
1703,Educational Researcher,,publication
1704,Journal of Psychoeducational Assessment,,publication
1705,Cell Stem Cell,,publication
1706,Higher Education,,publication
1707,Research and Practice in Technology Enhanced Learning,,publication
1708,Empirical Research in Vocational Education and Training,,publication
1709,Psychological Inquiry,,publication
1710,Social Psychological and Personality Science,,publication
1711,Educational Psychology,,publication
1712,Journal of Case Studies in Accreditation and Assessment,,publication
1713,AIP Conference Proceedings,,publication
1714,Group Processes and Intergroup Relations,,publication
1715,Journal of College Student Development,,publication
1716,Psychological science,,publication
1717,JCOM: Journal of Science Communication,,publication
1718,"Community, Work & Family",,publication
1719,International Journal of Engineering Education,,publication
1720,Journal of Economic Psychology,,publication
1721,Insights on Learning Disabilities,,publication
1722,Work and Occupations,,publication
1723,American Sociological Review,,publication
1724,Council on Undergraduate Research Quarterly,,publication
1725,"Gender, Work and Organization",,publication
1726,Communications of the Association for Information Systems,,publication
1727,Teachers College Record,,publication
1728,Gender & Education,,publication
1729,Economics Letters,,publication
1730,Contemporary Educational Psychology,,publication
1731,Harvard Educational Review,,publication
1732,Academe,,publication
1733,International Journal of Evidence Based Coaching & Mentoring,,publication
1734,Journal of Agricultural Education,,publication
1735,Journal of the Learning Sciences,,publication
1736,Journal of Vocational Behavior,,publication
1737,"Journal of College Student Retention: Research, Theory and Practice",,publication
1738,New Directions for Student Services,,publication
1739,New Directions for Institutional Research,,publication
1740,Cell Biology Education,,publication
1741,Journal of Engineering Education,,publication
1742,Social psychology quarterly,,publication
1743,International Journal of Technology and Design Education,,publication
1744,International Journal of Art & Design Education,,publication
1745,IEEE Instrumentation and Measurement Magazine,,publication
1746,American Behavioral Scientist,,publication
1747,Advances in Gender Research,,publication
1748,Learning Communities: Research & Practice,,publication
1749,Journal of Counseling Psychology,,publication
1750,Journal of Higher Education,,publication
1751,Peer Review,,publication
1752,Journal of Education & Work,,publication
1753,Journal of Technology Transfer,,publication
1754,Review of Policy Research,,publication
1755,Proceedings of the National Academy of Sciences of the United States of America,,publication
1756,Science Communication,,publication
1757,Journal of Experimental Psychology: Applied,,publication
1758,Leadership Quarterly,,publication
1759,Journal of Research Administration,,publication
1760,Chemistry Education Research and Practice,,publication
1761,Review of Research in Education,,publication
1762,Sociological Science,,publication
1763,Journal of Veterinary Medical Education,,publication
1764,Journal of Feminist Family Therapy,,publication
1765,Sociological Focus,,publication
1766,Learning and Individual Differences,,publication
1767,Forensic Science Policy & Management: An International Journal,,publication
1768,Soil Science Society of America Journal,,publication
1769,Analyses of Social Issues and Public Policy,,publication
1770,Horttechnology,,publication
1771,Leadership & Management in Engineering,,publication
1772,Journal of Career Development,,publication
1773,International Journal of Information and Communication Technology Education (IJICTE),,publication
1774,2014 IEEE Frontiers in Education Conference (FIE) Proceedings,,publication
1775,Journal of STEM Education : Innovations and Research,,publication
1776,Motivation and Emotion,,publication
1777,American Economic Review,,publication
1778,Career Development International,,publication
1779,Community College Enterprise,,publication
1780,The Journal of Negro Education,,publication
1781,Demographic Research,,publication
1782,Journal of technology management & innovation,,publication
1783,Journal of Latinos & Education,,publication
1784,ACS Medicinal Chemistry Letters,,publication
1785,Psychological Science in the Public Interest,,publication
1786,Technology and Engineering Teacher,,publication
1787,Cognition and Instruction,,publication
1788,Chinese Sociological Review,,publication
1789,Emerging Adulthood,,publication
1790,Women's Studies,,publication
1791,Social Currents,,publication
1792,Psychology of Mathematics & Education of North America,,publication
1793,FEMS microbiology letters,,publication
1794,Social Science Journal,,publication
1795,Forum on Public Policy Online,,publication
1796,Role of Gender in Educational Contexts and Outcomes,,publication
1797,Journal of Negro Education,,publication
1798,Journal of Research in Gender Studies,,publication
1799,Science Technology and Human Values,,publication
1800,American Journal of Cultural Sociology,,publication
1801,Measurement and Evaluation in Counseling and Development,,publication
1802,International Journal of Science and Mathematics Education,,publication
1803,Journal of Business Research,,publication
1804,Journal of experimental social psychology,,publication
1805,PLoS Biology,,publication
1806,Plos Biology,,publication
1807,Reference Services Review,,publication
1808,Computers in Human Behavior,,publication
1809,Small Business Economics,,publication
1810,Gender & Society,,publication
1811,Journal of College Science Teaching,,publication
1812,Procedia - Social and Behavioral Sciences,,publication
1813,Annals of Biomedical Engineering,,publication
1814,Latino Studies,,publication
1815,New Directions for Community Colleges,,publication
1816,Clinical Imaging,,publication
1817,"Proceedings - 2016 International Conference on Computational Science and Computational Intelligence, CSCI 2016",,publication
1818,Nature Human Behaviour,,publication
1819,Library & Information Science Research,,publication
1820,Science & Technology Libraries,,publication
1821,Molecular Imaging and Biology,,publication
1822,TCE: The Chemical Engineer,,publication
1823,Journal of Applied Psychology,,publication
1824,Experimental Economics,,publication
1825,Physics World,,publication
1826,Journal of Baltic Science Education,,publication
1827,Research in Social Stratification and Mobility,,publication
1828,Group Processes & Intergroup Relations,,publication
1829,International Journal of Behavioral Development,,publication
1830,Advances in Physiology Education,,publication
1831,Journal of Economics and Finance,,publication
1832,Quarterly Journal of Economics,,publication
1833,Adultspan Journal,,publication
1834,Urban Education,,publication
1835,Journal of Autism and Developmental Disorders,,publication
1836,Management Communication Quarterly,,publication
1837,Civil Engineering,,publication
1838,Developmental Review,,publication
1839,IEEE Technology & Society Magazine,,publication
1840,Rural Sociology,,publication
1841,Basic & Applied Social Psychology,,publication
1842,Educational Psychology Review,,publication
1843,Techniques,,publication
1844,Journal of Leadership Studies,,publication
1845,Sociological Research Online,,publication
1846,International Journal of Doctoral Studies,,publication
1847,Journal of Technology Education,,publication
1848,Scientia Horticulturae,,publication
1849,Science & Education,,publication
1850,NACTA Journal,,publication
1851,Public Services Quarterly,,publication
1852,Ohio Journal of Science,,publication
1853,Annals of the American Academy of Political and Social Science,,publication
1854,Human Communication Research,,publication
1855,Australian Quarterly,,publication
1856,Gender in Management,,publication
1857,SMPTE Motion Imaging Journal,,publication
1858,Genome biology,,publication
1859,Women in Higher Education,,publication
1860,Early Childhood Research Quarterly,,publication
1861,PLoS Computational Biology,,publication
1862,Annual Review of Sociology,,publication
1863,Gender and Education,,publication
1864,Peer review,,publication
1865,Journal of Academic Librarianship,,publication
1866,Qualitative Report,,publication
1867,Science & Public Policy,,publication
1868,ACM International Conference on Measurement and Modeling of Computer Systems,,publication
1869,Issues in Science & Technology,,publication
1870,Engineering Studies,,publication
1871,Cultural Studies of Science Education,,publication
1872,International Journal of Science in Society,,publication
1873,Journal of Contextual Behavioral Science,,publication
1874,Research Policy,,publication
1875,Centaurus,,publication
1876,Scientometrics,,publication
1877,Economic Geography,,publication
1878,Employment relations today,,publication
1879,International Journal of Environmental Research and Public Health,,publication
1880,Contemporary Issues in Education Research,,publication
1881,Politics Groups and Identities,,publication
1882,International Migration Review,,publication
1883,Gifted Child Quarterly,,publication
1884,Journal for the Education of the Gifted,,publication
1885,Political Psychology,,publication
1886,Ethnic and Racial Studies,,publication
1887,Journal of Applied Developmental Psychology,,publication
1888,Journal of Education for Library and Information Science,,publication
1889,AIDS and Behavior,,publication
1890,College Student Journal,,publication
1891,Current science,,publication
1892,7th IEEE GCC Conference and Exhibition (GCC),,publication
1893,International Journal of Educational Development,,publication
1894,Proceedings of the 7th IEEE Integrated STEM Education Conference,,publication
1895,Hispanic Outlook in Higher Education Magazine,,publication
1896,Labour Economics,,publication
1897,Sociological Perspectives,,publication
1898,Educational Psychologist,,publication
1899,Science and Engineering Ethics,,publication
1900,Psychology,,publication
1901,Theory Into Practice,,publication
1902,Computer,,publication
1903,Journal of the American Society for Information Science and Technology,,publication
1904,173rd Meeting of Acoustical Society of America,,publication
1905,University of Ottawa Journal of Medicine,,publication
1906,Mammal Study,,publication
1907,IEEE Robotics and Automation Magazine,,publication
1908,Social Science Quarterly,,publication
